name,2013.00 ,2014.00 ,2015.00 ,2016.00 ,2017.00 ,2018.00 ,2019.00 ,2020.00 ,2021.00 ,2022.00 ,2023.00 
360 One Wam Ltd.,,,,,,,,27.59,0.7,2.5,5.26
3M India Ltd.,0.29,0.05,1.78,0.72,4.08,3.86,1.13,40.89,5.26,8.34,7.57
A B B India Ltd.,9.38,10.38,8.64,3.44,11.72,98.28,7.28,2.37,14.96,44.82,18.61
A C C Ltd.,26.52,10.75,23.99,17.91,13.39,14.24,406.01,24.66,39.63,23.64,169.81
A I A Engineering Ltd.,0.49,0.85,16.37,0.68,1.22,178.04,0.29,1.04,1.88,0.73,28.66
A P L Apollo Tubes Ltd.,3.1,0,2.13,0.68,2.41,21.19,0.94,5.46,9.05,50.46,13.25
A U Small Finance Bank Ltd.,,,,,,17.7,13.18,29.7,15.24,148.71,31.66
Aarti Drugs Ltd.,0.94,0.82,31.97,0.59,2.03,1.11,0.46,0.14,13.67,7.79,3.13
Aarti Industries Ltd.,2.09,0.79,2.9,0.63,1.92,2.24,9.05,18.91,48.85,37.33,16.13
Aavas Financiers Ltd.,,,,,,,1.43,6.1,4.63,3.64,6.92
Abbott India Ltd.,0.79,0.31,3.73,4.38,4.21,3.64,17.36,2.26,187.83,45.14,5.69
Adani Energy Solutions Ltd.,,,,11.05,16.15,14.48,3.49,3.96,16,4.23,407.44
Adani Enterprises Ltd.,87.84,105.8,1190.22,27.04,137.44,218.36,77,49.2,121.67,143.15,1698.43
Adani Green Energy Ltd.,,,,,,,4.1,20.17,35.93,32.04,681.15
Adani Ports & Special Economic Zone Ltd.,281.69,11.69,379.55,63.74,67.38,73.52,187.38,24.53,115.57,44.08,894.22
Adani Power Ltd.,21.41,9.03,150.69,16.57,64.4,44.82,177.46,24.14,39.77,88.72,58.51
Adani Total Gas Ltd.,,,,,,,9.63,21.6,28.79,14.17,118
Adani Wilmar Ltd.,,,,,,,,,,,56.55
Aditya Birla Capital Ltd.,,,,,,52.56,17.18,15.39,17.48,23.07,15.51
Aditya Birla Fashion & Retail Ltd.,,0.13,0.05,0.73,239.23,8.99,22.94,6.3,25.01,37.97,13.11
Aditya Birla Sun Life A M C Ltd.,,,,,,,,,,8.76,2.33
Aegis Logistics Ltd.,1.14,1.66,1.77,18.88,5.07,5.67,0.25,2.56,1.75,8.61,31.6
Aether Industries Ltd.,,,,,,,,,,,2.07
Affle (India) Ltd.,,,,,,,,12.68,18.08,55.19,11.55
Ajanta Pharma Ltd.,74.33,8.39,24.31,21.36,25.13,12.66,106.38,1.92,5.52,5.02,1.64
Akzo Nobel India Ltd.,25.14,1.84,26.98,4.86,3.72,1.51,0.54,0.84,2.53,1.51,0.94
Alembic Pharmaceuticals Ltd.,13.5,6.14,6.66,11.15,4.11,25.9,1.46,2.45,18.88,4.96,2.01
Alkem Laboratories Ltd.,,,,28.77,2.96,9.22,0.75,9.88,7.68,13.61,7.45
Alkyl Amines Chemicals Ltd.,0.65,0.01,0.35,0.43,0.1,1.23,0.36,1.14,32.13,19.59,5.5
Alok Industries Ltd.,7.42,2.15,18.57,3.85,3.66,2.29,3.9,6.89,16.99,95.65,6.04
Amara Raja Batteries Ltd.,11.13,2.13,35.47,7.48,11.14,25.42,18,10.43,73.17,42.44,14.75
Amber Enterprises India Ltd.,,,,,,580.86,0.12,28.13,21.57,64.56,2.96
Ambuja Cements Ltd.,46.14,18.7,22.8,12,22.6,14,23.78,11.8,112.71,40.08,664.57
Angel One Ltd.,,,,,,,,,15.17,21.24,43.5
Anupam Rasayan India Ltd.,,,,,,,,,,34.53,1.18
Apar Industries Ltd.,0.35,1.1,0.77,7.95,1.4,2.28,0.18,0.39,3.91,33.22,171.65
Apollo Hospitals Enterprise Ltd.,8.46,5.31,17.83,24.77,8.8,16.72,19.7,19.85,86.17,210.75,72.7
Apollo Tyres Ltd.,11.39,87.06,142.55,20.1,41.78,33.25,22.43,14.58,249.69,46.99,33
Aptus Value Housing Finance India Ltd.,,,,,,,,,,4.83,1.45
Archean Chemical Inds. Ltd.,,,,,,,,,,,12.6
Asahi India Glass Ltd.,2.6,0.16,3.04,2.02,2.17,278.22,0.23,6.68,0.54,6.19,10
Ashok Leyland Ltd.,7.85,19.14,147.4,42.86,106.29,51.64,151.77,47.73,188.51,62.92,54.61
Asian Paints Ltd.,71.38,64.29,251.24,36.84,75.64,205.74,88.08,37.16,222.77,159.49,301.63
Aster D M Healthcare Ltd.,,,,,,,0.26,0.4,0.93,5.28,0.57
Astral Ltd.,1.16,2.26,3.78,2.15,1.86,15.63,0.69,31.61,19.49,46.59,77.23
Astrazeneca Pharma India Ltd.,2.6,5.24,1.09,2.13,0.47,1.01,0.34,6.15,9.94,2.36,1.92
Atul Ltd.,2.34,1.32,7.66,1.01,9.85,2.93,15.15,6.43,27.07,26.33,11.82
Aurobindo Pharma Ltd.,19.77,467.22,65.95,91.82,144.24,74.36,51.86,43.47,131.98,59.83,31.86
Avanti Feeds Ltd.,1.54,0.15,27.17,11.31,6.5,34.97,95.22,36.38,13.32,6.17,4.26
Avenue Supermarts Ltd.,,,,,,109.35,39.54,390.7,80.02,60.61,43.58
Axis Bank Ltd.,234.89,294.1,366.43,359.1,110.69,183.07,914.22,160.54,606.44,316.48,103.75
B A S F India Ltd.,2.46,1.4,6.06,4.5,4.61,6.88,4.29,1,3.71,3.29,27.14
Bajaj Auto Ltd.,73.21,36.23,34.07,32.25,249.29,189.6,126.59,92.99,183.57,89.35,29.5
Bajaj Electricals Ltd.,7.67,2.51,7.13,4.57,4.71,14.43,23.86,1.43,8.62,13.74,3.19
Bajaj Finance Ltd.,1.53,0.59,22.35,15.33,246.22,61.98,295.69,221.66,855.83,482.06,254.57
Bajaj Finserv Ltd.,9.37,1.18,12.78,4.3,86.58,119.81,82.17,151.48,231.43,227.54,144.76
Bajaj Holdings & Invst. Ltd.,1.09,0.27,2.27,0.46,11.08,3.45,343.48,7.61,2.5,4.01,11.37
Balaji Amines Ltd.,0.57,0.35,0.16,2.4,2.69,13.83,1.27,7.11,2.37,30.21,27.13
Balkrishna Industries Ltd.,0.49,14.03,6.84,256.54,3.4,63.9,24.17,7.81,47.04,19.68,11.17
Balrampur Chini Mills Ltd.,23.87,13.09,2.87,24.95,21.87,38.98,8.27,7.95,1.72,41.17,15.26
Bandhan Bank Ltd.,,,,,,,34.43,38.31,366.13,57.24,24.64
Bank Of Baroda,138.44,99.87,785.88,145.17,78.01,272.93,86.18,53.28,370.55,363.62,275.03
Bank Of India,120.81,192.92,233.98,56.08,25.44,55.87,133.73,24.47,11.25,65.32,230.12
Bank Of Maharashtra,2.07,3.4,3.14,0.53,5.35,2.99,2.51,0.4,8.86,14.52,81.07
Bata India Ltd.,16.86,17.67,24.67,22.49,12.45,9.96,27.03,23.61,27.25,70.58,14.46
Bayer Cropscience Ltd.,2.48,10.76,11.35,1.76,166,3.84,5.06,3.04,6.51,1.56,1.8
Berger Paints India Ltd.,5.29,3.95,34.81,6.21,4.58,19.58,13.52,39.64,29.81,12.35,18.02
Bharat Dynamics Ltd.,,,,,,,0.37,1.09,5.1,15.46,30.99
Bharat Electronics Ltd.,1.34,0.24,52.38,24.92,82.36,103.52,95.36,170.83,236.84,359.12,220.7
Bharat Forge Ltd.,14.95,18.01,65.55,42.66,31.8,16.81,27.66,15.06,51.76,42.56,25.08
Bharat Heavy Electricals Ltd.,129.43,75.82,255.12,49.94,101.34,82.84,37.9,44,410.32,203.42,126.28
Bharat Petroleum Corpn. Ltd.,52.4,25.72,147.84,54.86,92.9,1082.5,27.61,59.33,224.92,250.77,60.16
Bharti Airtel Ltd.,60.61,59.45,62.63,102.93,137.77,70.73,76.12,148.66,677.39,275,39.36
Bikaji Foods Intl. Ltd.,,,,,,,,,,,48.24
Biocon Ltd.,12.61,106.02,39.09,26.59,57.98,217.48,36.01,41.74,116.03,26.9,22.83
Birla Corporation Ltd.,0.38,0.11,1.57,0.35,4.8,1.95,0.66,19.79,3.57,8.28,8.6
Birlasoft Ltd.,2.99,14.43,55.92,20.83,13.23,68.85,41.73,67.4,7.65,105.66,41.01
Blue Dart Express Ltd.,1.04,4.55,7.94,1.75,1.5,6.89,2.89,1.35,20.45,15.76,8.65
Blue Star Ltd.,0.89,1.16,1.85,0.37,8.07,1.56,0.67,5.35,8.7,3.94,6.6
Bombay Burmah Trdg. Corpn. Ltd.,1.97,0.7,27.22,0.87,36.92,27.93,7.17,5.96,4.37,12.11,0.91
Borosil Renewables Ltd.,0.06,0.46,1.97,2.73,3.17,11.93,2.37,0.9,21.36,35.17,16.39
Bosch Ltd.,12.81,4.71,102.3,25.82,17.6,34.77,7.8,10.21,45.72,13.15,6.54
Brigade Enterprises Ltd.,2.21,0.87,12.48,3.28,0.06,1.05,0.8,6.39,0.8,9.26,0.82
Britannia Industries Ltd.,2.62,2.07,12.03,17.4,35.36,12.04,57.83,226.56,75.26,41.44,35.09
C C L Products (India) Ltd.,1.07,1.34,15.51,7.97,2.46,2.39,0.15,22.13,1.74,100.26,6.67
C E Info Systems Ltd.,,,,,,,,,,55.53,3.01
C E S C Ltd.,3.17,16.41,11.31,29.12,31.83,19.94,9.58,3.5,4.43,12.17,10.95
C G Power & Indl. Solutions Ltd.,78.02,59.86,60.98,19.49,25.03,36.36,21.41,0.9,7.88,29.82,30
C I E Automotive India Ltd.,0.61,0.1,24.33,1.18,2.12,9.29,0.63,0.87,1.11,1.54,38.63
C S B Bank Ltd.,,,,,,,,6.41,5.27,6.02,9.04
Campus Activewear Ltd.,,,,,,,,,,,7.66
Can Fin Homes Ltd.,0.8,0.24,6.75,2.5,33.39,18.01,8.32,14.56,20,23.99,23.53
Canara Bank,30.42,111.68,127.19,66.45,48.73,76.25,48.86,44.73,287.78,377.47,142.58
Caplin Point Laboratories Ltd.,0.28,0.93,61.74,3.96,5.19,6.77,2.2,1.24,2.83,8.8,1.05
Capri Global Capital Ltd.,0.37,0,0.15,0.06,0.23,0.41,21.42,55.33,27.23,0.68,19.47
Carborundum Universal Ltd.,0.25,0.07,8.18,0.22,14.3,8.13,2.8,1.05,4.94,6.7,22.78
Castrol India Ltd.,4.53,14.57,28.61,8.89,58.19,48.58,46.79,17.41,13.31,7.95,4.11
Ceat Ltd.,1,61.56,84.72,34.24,114.07,40.96,57.2,3.02,57.2,5.33,15.33
Central Bank Of India Ltd.,20.16,3.74,33.92,1.87,1.67,1.84,0.97,1.63,6.06,16.21,21.11
Century Plyboards (India) Ltd.,0.13,0.07,8.1,5.23,23.57,3.1,0.91,0.42,3.74,22.58,4.53
Century Textiles & Inds. Ltd.,49.93,59.17,86.08,50.79,269.91,52.88,29.29,114.29,16.03,9.37,27.5
Cera Sanitaryware Ltd.,0.27,0.08,3.05,0.49,0.2,5.61,2.05,0.36,1.75,5.59,3.08
Chalet Hotels Ltd.,,,,,,,,0.12,2.96,28.54,1.57
Chambal Fertilisers & Chemicals Ltd.,10.59,1.91,6.56,3.87,10.35,25.34,14.29,9.25,34.46,60.44,67.07
Chemplast Sanmar Ltd.,5.38,,,,,,,,,59.08,2.25
Cholamandalam Financial Holdings Ltd.,281.42,1.21,9.65,1.66,0.51,421.38,0.45,0.14,2.87,1.18,2.33
Cholamandalam Investment & Finance Co. Ltd.,0.22,0.22,11.09,0.98,9.36,35.5,51.26,10.66,124.11,41.92,17.82
Cipla Ltd.,38.4,20.52,97.76,38.28,15.28,971.65,34.75,48.45,177.9,52.62,39.26
City Union Bank Ltd.,2.25,1.23,4.12,1.39,2.33,4.27,1.75,2.74,12.56,16.16,6.67
Clean Science & Technology Ltd.,,,,,,,,,,14,3.6
Coal India Ltd.,55.86,48.26,477.04,111.9,138.33,78.23,30.5,159.44,87.37,44.06,109.92
Cochin Shipyard Ltd.,,,,,,32.33,1.62,4.09,1.64,2.58,26.88
Coforge Ltd.,2.42,7.26,2.85,21.86,8.82,26.01,23.82,74.11,29.52,78.21,55.41
Colgate-Palmolive (India) Ltd.,55.38,8.2,18.37,34.72,20.04,17.51,13.25,100.89,194.54,13.18,30.55
Computer Age Mgmt. Services Ltd.,,,,,,,,,8.52,36.77,4.71
Container Corpn. Of India Ltd.,0.5,13.46,5.43,6.06,27.24,25.45,22.96,9.67,71.75,23.88,45.3
Coromandel International Ltd.,0.8,1.15,3.79,0.74,32.67,13.81,2.16,28.42,9.95,7.6,9.87
Creditaccess Grameen Ltd.,,,,,,,1.93,3.59,6.3,5.97,4.64
Crisil Ltd.,0.72,0.13,11.91,3.03,0.73,1.38,0.15,0.75,0.77,4.37,4.5
Crompton Greaves Consumer Electricals Ltd.,,,,,363.1,20.09,2.64,49.09,16.47,13.87,4.27
Cummins India Ltd.,17.77,54.81,11.99,38.09,18.38,17.53,7.2,23.26,140.4,10.91,17.95
Cupid Ltd.,0.18,0.01,10.84,30.11,4.41,8.13,0.18,1.41,1.04,0.7,5.44
Cybertech Systems & Software Ltd.,0.07,2.74,0.49,0.29,6.02,0.84,0.04,0.14,1.5,11.94,0.48
Cyient Ltd.,0.49,0.37,3.21,0.48,1.56,26.3,6.84,0.8,50.3,7.84,27.42
D B Realty Ltd.,39.58,6.32,74.61,2.27,1.04,11.61,0.67,0.23,1.84,36.85,9.09
D C M Shriram Ltd.,0.48,0.24,2.95,0.51,2.8,9.1,10,1.51,5.41,5.59,2.35
D L F Ltd.,504.71,74.74,301.99,140.89,86.35,157.63,55.03,184.97,264.08,90.2,37.51
D-Link (India) Ltd.,0.77,1.86,2.8,0.56,6.27,9.07,0.18,1.38,1.43,8.49,2.65
Dabur India Ltd.,58.61,9.93,53.42,14.39,29.47,98.98,250.51,290.42,104.77,19.11,5.8
Dalmia Bharat Ltd.,,,,,,,8.9,3.17,3.1,13.15,19.26
Data Patterns (India) Ltd.,,,,,,,,,,11.59,48.62
Datamatics Global Services Ltd.,0.17,3.68,2.01,3.56,48.34,3.59,4.11,0.7,3.04,7.07,1.56
De Nora India Ltd.,0.21,0.17,0.27,1.14,0.16,124.7,0.04,0.17,0.98,0.97,0.68
Deccan Cements Ltd.,0.03,0.03,0.01,3.36,0.65,0.07,0.05,0.32,0.74,3.34,0.27
Deepak Fertilisers & Petrochemicals Corpn. Ltd.,1.85,2.46,2.87,2.43,7.27,15.98,8.98,4.79,7.97,11.96,19.52
Deepak Nitrite Ltd.,0.19,0.61,0.52,0.49,2.2,16.77,3.66,14.37,42.46,69.56,43.24
Delhivery Ltd.,,,,,,,,,,,14.66
Delta Corp Ltd.,29.3,111.74,34.31,32.2,31.84,153.86,33.55,26.19,17.01,54.9,82.65
Den Networks Ltd.,6.38,3.15,6.19,0.87,1.94,8.1,43.26,0.06,1.06,3.86,3.18
Dev Information Technology Ltd.,,,,,,,,,,,0.09
Devyani International Ltd.,,,,,,,,,,46.01,12.13
Dhampur Sugar Mills Ltd.,0.53,0.21,0.78,4.13,38.3,24.98,24.76,7.62,0.67,8.88,3.98
Dhanlaxmi Bank Ltd.,35.48,0.82,4.39,0.81,0.68,1.31,0.23,0.18,0.69,1.21,12.02
Dhanuka Agritech Ltd.,2.44,2.16,2.9,0.07,3.26,3.02,0.3,6.09,0.63,5.61,1.29
Dhunseri Investments Ltd.,0.02,0.03,0.16,0.06,0.08,0.85,0.03,0.08,0.01,0.29,0.04
Dhunseri Ventures Ltd.,1.3,0.37,0.32,0.45,0.44,1.15,0.11,0.03,0.05,1.96,0.43
Divi'S Laboratories Ltd.,8.17,36.84,17.03,24.09,77.41,68.26,27.13,9.75,74.85,77.81,33.34
Dixon Technologies (India) Ltd.,,,,,,157.58,1.61,40.99,43.73,239.51,58.62
Dollar Industries Ltd.,,,,,,,0,0.03,1.17,4.51,0.13
Donear Industries Ltd.,0.02,0,0.07,6.44,0.4,0.75,0.89,0.03,0.11,0.76,1.49
Dr. Lal Pathlabs Ltd.,,,,43.57,8.72,414.45,2,7.7,8.99,53.29,12.71
Dr. Reddy'S Laboratories Ltd.,113.53,159.85,187.21,183.29,31.05,296.65,77.4,56.16,442.15,47.95,27.18
Ducon Infratechnologies Ltd.,0.02,0,0.14,1.95,1.82,1.15,2.39,0.26,0.14,1.6,1.24
Dynacons Systems & Solutions Ltd.,0.01,0,0.03,0.05,0.05,0.11,0,0,0.37,23.79,1.74
Dynamatic Technologies Ltd.,0.09,1.45,2.07,0.49,0.07,0.95,0.06,0.17,1,0.87,1.78
E I D-Parry (India) Ltd.,3.96,4.76,5.67,9.19,17.66,14.49,1.58,3.9,3.96,4.48,33.64
E I H Ltd.,1.89,1.07,3.48,2.07,0.7,2.71,50.31,0.16,1.24,8.66,1.62
E P L Ltd.,0.83,2.02,12.18,1.89,2.89,0.32,1.17,1.88,0.62,0.6,3.82
Easy Trip Planners Ltd.,,,,,,,,,,9.55,29.92
Eclerx Services Ltd.,2.16,2.16,7.27,3.23,1.83,30.02,4.35,5.44,6.42,24.83,5.78
Edelweiss Financial Services Ltd.,1.32,0.22,30.13,6.74,11.18,55.39,16.81,7.06,6.96,7.78,14.95
Eicher Motors Ltd.,7.94,3.96,52.26,84.09,68.5,97.83,47,48.61,304.08,24.54,46.05
Eimco Elecon (India) Ltd.,0.1,0.01,0.05,0.16,0.51,0.1,0,1.21,0.42,0.12,1.4
Electrosteel Castings Ltd.,0.63,0.44,2.64,3.49,3.23,3.12,0.21,0.07,0.6,6.3,2.68
Elgi Equipments Ltd.,257.02,0.19,0.17,0.08,4.88,4.98,0.05,0.03,33.98,16.89,27.33
Emami Ltd.,0.45,5.37,9.21,7.31,14.07,28.3,8.41,8,60.71,12.78,5
Emami Paper Mills Ltd.,0.08,0.03,0.08,0.05,2.13,2.03,0.46,0,0.08,4.51,0.25
Emkay Global Financial Services Ltd.,0.05,0.79,0.55,0.23,0.31,1.53,0.91,0.05,0.52,10.67,0.29
Emmbi Industries Ltd.,0.03,0.06,0.23,4.72,3.64,1.75,0.08,0.46,0.04,1.92,0.02
Endurance Technologies Ltd.,,,,,30.38,5.15,7.34,1.2,118.25,1.65,1.09
Engineers India Ltd.,2.36,2.1,22.91,46.98,36.6,47.54,19.73,9.49,14.35,8.99,29.71
Equitas Small Finance Bank Ltd.,,,,,,,,,2.4,4.21,10.04
Eris Lifesciences Ltd.,,,,,,0.88,0.59,2.84,6.45,3.28,3.17
Esab India Ltd.,0.16,0.03,1.77,0.1,1.05,0.32,0.46,1.45,0.87,0.59,1.71
Escorts Kubota Ltd.,27.02,38.29,21.33,13.17,29.03,411.33,69.04,192.38,80.39,22.96,18.37
Ester Industries Ltd.,0.3,0,0.22,4.34,1.71,135.05,0.3,0.5,6.61,1.93,1.16
Excel Industries Ltd.,0.17,0.05,8.32,0.3,0.32,2.57,4.83,1.13,0.4,0.67,0.17
Exide Industries Ltd.,44.48,7.85,216.65,53.33,29.04,51.91,25.28,8.9,87.71,72.47,36.91
Expleo Solutions Ltd.,1.72,0.09,1.11,10.93,1.04,0.4,0.67,0.84,0.6,5.93,0.18
F D C Ltd.,0.79,9.3,5.44,0.65,0.48,1.9,0.12,1.92,1.56,3.11,3.16
F S N E-Commerce Ventures Ltd.,,,,,,,,,,123.37,94.49
Federal Bank Ltd.,8.64,21.17,40.79,26.26,26.18,156.33,37.41,107.55,209.45,71.33,46.19
Federal-Mogul Goetze (India) Ltd.,1.02,0.4,6.88,0.1,0.63,0.22,0.82,0,3.99,0.49,0.15
Fiem Industries Ltd.,2.44,4.01,32.57,10.3,1.9,0.95,0.08,18.31,0.31,2.43,6.26
Filatex India Ltd.,0.03,0,0.01,0.03,3.56,2.35,7.9,0.48,6.08,11.07,0.84
Fine Organic Inds. Ltd.,,,,,,,3.79,3.8,4.28,4.56,7.04
Fineotex Chemical Ltd.,1.28,1.8,1.91,32.9,0.66,26.63,2.14,0.28,2.57,16.88,12.78
Finolex Cables Ltd.,6.39,2.86,4.95,0.57,9.02,17.41,0.83,0.55,3.9,3.06,6.52
Finolex Industries Ltd.,22.06,1.59,2.11,4.68,14.06,3.56,0.63,1.53,3.21,43.02,13.98
Firstsource Solutions Ltd.,1.13,32.28,13.38,17.51,18.29,30.36,15.76,3.76,9.6,25.25,10.69
Five-Star Business Finance Ltd.,,,,,,,,,,,8.89
Fortis Healthcare Ltd.,3.13,5.24,4.29,15.57,761.51,291.92,2.41,74.54,14.6,20.22,4.06
Foseco India Ltd.,1.61,0.05,0.92,0.17,0,0.4,0.51,0.69,0.58,0.27,0.01
G A I L (India) Ltd.,36.18,31.64,27.33,24.3,110.19,123.23,75.05,29.5,70.76,118.04,183.52
G M M Pfaudler Ltd.,0.32,6.02,2.7,0.96,9.02,1.63,1.41,5.1,13.96,25.68,7.84
G M R Airports Infrastructure Ltd.,15.26,10.39,114.37,312.2,19.69,86.39,12.34,14.73,235.54,50.02,10.29
G R Infraprojects Ltd.,,,,,,,,,,2.55,0.78
Gabriel India Ltd.,0.18,0.75,25.35,3.81,1.57,4.62,0.19,0.23,1.53,4.09,3.29
Galaxy Surfactants Ltd.,,,,,,,0.2,1.86,1.94,2.12,1.25
Gallantt Ispat Ltd.,8.13,0.03,0.55,0.28,0.31,0.65,0.02,0.01,1.2,0.45,1.19
Gandhi Special Tubes Ltd.,0.41,0.56,2.14,0,0.55,0.89,0.38,0.09,0.06,0.05,2.4
Ganesha Ecosphere Ltd.,0.06,0,1.71,0.59,0.27,14.83,0.04,0.41,0.44,25.84,2
Garden Reach Shipbuilders & Engineers Ltd.,,,,,,,0.07,2.83,3,8.91,38.38
Garware Technical Fibres Ltd.,0.83,0.03,1.3,4.19,2.74,1.86,0.52,1.05,3.13,4.07,2.15
Gateway Distriparks Ltd.,,,,,,,,,,,2.68
Gati Ltd.,0.43,39.26,96.21,25.8,8.34,34.9,2.52,1.02,2.17,27.61,7.03
General Insurance Corpn. Of India,,,,,,5.82,0.83,3.78,1.11,15.01,21.23
Genus Power Infrastructures Ltd.,0.05,0.07,2.93,13.19,1.35,3.39,0.7,0.21,0.81,2.42,4.26
Gillette India Ltd.,0.41,1.16,2.55,5.87,1.87,2.55,0.78,2.89,2.38,1.18,0.42
Gland Pharma Ltd.,,,,,,,,,22.11,39.06,21.87
Glaxosmithkline Pharmaceuticals Ltd.,2.12,2.6,11.02,1.55,3.24,0.78,1.34,8.37,2.39,15.34,3.88
Glenmark Pharmaceuticals Ltd.,53.82,56.37,18.15,81.7,14.73,35.84,9.71,26.6,63.9,22.18,6.05
Global Health Ltd.,,,,,,,,,,,3.09
Globus Spirits Ltd.,0.57,1.23,1.48,0.53,0.98,0.67,0.38,0.32,4.02,11.48,6
Godfrey Phillips India Ltd.,0.13,0.3,2.3,25.64,6.52,19.09,3.75,19.03,3.19,2.03,10.29
Godrej Agrovet Ltd.,,,,,,11.87,5.73,2.17,4.4,2.42,2.82
Godrej Consumer Products Ltd.,40.15,10.65,5.77,14.8,15.44,25.08,49.13,30.25,33.87,13.48,51.61
Godrej Industries Ltd.,28.94,10.01,13.34,9.1,2.56,16.75,7.52,1.14,8.63,3.5,1.96
Godrej Properties Ltd.,2.37,19.93,20.94,6.88,4.24,23.49,4.95,10.34,51.37,95.39,11.01
Gokaldas Exports Ltd.,0.01,0.03,0.54,0.97,3.07,3.11,0.38,0.39,1.97,19.97,2.16
Goldiam International Ltd.,0.02,0.02,0.1,0.28,0.3,0.36,0.04,1.29,0.48,2.44,10.58
Granules India Ltd.,2.62,8.32,20.95,23.99,14.21,18.74,12.05,7.06,27.83,24.69,5.02
Graphite India Ltd.,3.13,0.52,4.81,0.38,4.63,239.7,185,30.38,11.68,18.75,6.94
Grasim Industries Ltd.,51.02,267.61,17.12,10.71,101.32,30.14,42.78,45.1,118.76,26.55,13.99
Gravita India Ltd.,22.98,13.54,0.37,0.33,2.54,15.08,0.1,0.95,3.3,18.85,16.52
Great Eastern Shipping Co. Ltd.,0.74,4.45,5.79,0.9,2.81,4.46,1.24,0.94,7.25,3.84,4.84
Greaves Cotton Ltd.,12.93,0.52,4.61,1.1,7.67,12.03,5.67,1.67,11.43,33.99,8
Greenpanel Industries Ltd.,,,,,,,,0.5,1.93,27.75,19.01
Greenply Industries Ltd.,0.54,0.17,0.01,0.5,0.19,0.93,0.67,0.07,3.34,4.99,1.01
Grindwell Norton Ltd.,0,0.02,3.05,0.28,0.2,1.82,0.33,1.53,1.89,2.21,14.01
Gufic Biosciences Ltd.,0.13,0.01,0.21,3.51,30.78,6.9,0.23,0.9,0.95,13.62,2.12
Gujarat Alkalies & Chemicals Ltd.,6.77,3.41,4.93,0.29,19.58,8.25,2.94,0.91,5.58,19.35,2.41
Gujarat Ambuja Exports Ltd.,0.8,0.21,0.44,0.52,1.85,16.41,2.56,1.64,5.06,61.98,11.6
Gujarat Fluorochemicals Ltd.,,,,,,,,0,1.58,57.34,25.39
Gujarat Gas Ltd.,,,,12.04,6.96,3.11,0.52,10.45,11.92,10.42,7.79
Gujarat Narmada Valley Fertilizers & Chemicals Ltd.,2.97,1.05,0.68,4.99,38.43,110.27,38.11,5.62,21.41,74.55,30.27
Gujarat Pipavav Port Ltd.,0.22,1.28,43.91,21.98,3.54,5.02,70.6,0.35,2.59,4.35,8.66
Gujarat State Fertilizers & Chemicals Ltd.,3.84,0.88,38.84,5.13,24.62,50.34,14.64,9.86,6.41,18.72,36.46
Gujarat State Petronet Ltd.,5.23,2.44,43.58,3.53,5.6,7.03,3.71,6.45,10.34,32.66,3.43
Gulf Oil Lubricants India Ltd.,,,9.2,1.03,0.45,0.59,0.43,0.06,0.93,3.01,1.01
Gulshan Polyols Ltd.,0.12,0.08,0.31,0.47,0.31,1.15,0,0.03,2.59,8.52,0.62
H C L Technologies Ltd.,85.43,69.3,543.02,42.48,164.93,575.53,93.38,21.61,305.76,234.68,145.82
H D F C Asset Mgmt. Co. Ltd.,,,,,,,16.26,46.7,36.88,49.43,51.55
H D F C Bank Ltd.,334.83,236.74,230.1,44.47,95.47,429.12,209.21,126.53,364.61,273.84,276.97
H D F C Life Insurance Co. Ltd.,,,,,,409.61,16.26,32.38,357.32,33.85,17.83
H E G Ltd.,0.2,0.21,2.91,1.17,0.11,190.92,196.87,15.81,15.05,14.09,14.11
H F C L Ltd.,1.92,1.98,24,40.42,10.2,48.96,15.55,3.62,32.68,178.77,48.63
H L E Glascoat Ltd.,0.08,0.03,0.59,0.97,2.45,0.32,0.25,4.78,4.99,4.34,2.02
Happiest Minds Technologies Ltd.,,,,,,,,,29.91,86.99,24.75
Harrisons Malayalam Ltd.,0.68,0.2,0.5,2.83,2.07,0.9,3.78,1.14,0.68,1.53,0.24
Hathway Cable & Datacom Ltd.,7.04,0.47,6.1,0.33,0.46,12.25,0.72,0.41,1.56,16.23,5.97
Hatsun Agro Product Ltd.,2.08,9.97,0.93,0.03,1.01,1.39,0.43,0.49,2.49,2.1,0.61
Havells India Ltd.,9.92,11.46,57.62,22.97,45.74,12176.28,40.65,83.72,1196.66,42.61,16.03
Heidelberg Cement India Ltd.,1.95,0.86,8.11,18.4,1.61,9.68,1.78,3.97,10.73,2.24,2.66
Hercules Hoists Ltd.,0.43,1.51,1.62,0.17,3.77,0.4,0.17,0.07,0.25,1.12,1.13
Hero Motocorp Ltd.,68.44,87.26,76.16,64.79,40.29,82.79,96.23,32.37,165.89,23.02,30.11
Hester Biosciences Ltd.,0.12,0.48,0.85,0.97,0.31,4.58,0.97,0.14,0.59,5.95,2
Hi-Tech Pipes Ltd.,,,,,,,,,,0.18,2.93
Hikal Ltd.,0.25,1.96,11.1,2.2,1.91,0.96,5.91,3.38,2.26,28.04,10.32
Hindalco Industries Ltd.,139.79,47.33,175.85,100.9,147.63,262.95,53.59,36.03,261.84,90.8,49.07
Hindustan Aeronautics Ltd.,,,,,,,0.78,1.32,14.63,156.14,115.16
Hindustan Copper Ltd.,8.09,2.97,4.67,1.95,10.1,50.46,5.97,2.27,31.19,39.58,17.15
Hindustan Petroleum Corpn. Ltd.,95.17,32.68,204.44,69.03,126.87,184.63,103.77,43.46,40.42,129.01,51.73
Hindustan Unilever Ltd.,45.39,33.9,79.57,70.39,135.42,113.83,108.91,89.17,481.8,332.15,53.32
Hindustan Zinc Ltd.,7.12,13.52,27.98,18.44,55.14,69.05,5.33,7,46.16,7.62,22.75
Hitachi Energy India Ltd.,,,,,,,,,1.69,9.44,3.58
Home First Finance Co. India Ltd.,,,,,,,,,,10.49,8.67
Honeywell Automation India Ltd.,0.77,0.8,1.09,0.2,0.05,0.85,0.64,0.22,4.52,8.3,10.58
Housing & Urban Devp. Corpn. Ltd.,,,,,,34.97,3.56,3.9,9.34,3.47,37.03
I C I C I Bank Ltd.,1017.23,218.83,774.98,680.61,273.01,606.54,1021.86,263.95,359.42,174.41,203.97
I C I C I Lombard General Insurance Co. Ltd.,,,,,,43.39,10.02,4.89,49.16,24.43,4.83
I C I C I Prudential Life Insurance Co. Ltd.,,,,,45.12,36.75,22.58,17.73,46.34,22.83,15.16
I C I C I Securities Ltd.,,,,,,,5.76,10.86,12.22,10.81,5.03
I D B I Bank Ltd.,18.02,14.03,30.9,42.13,23.95,47.23,14.25,2.87,37.63,47.82,47.81
I D F C First Bank Ltd.,,,,26.93,53.28,40.82,97.55,37.14,102.66,123.99,157.03
I D F C Ltd.,67.79,58.79,406.29,34.36,81.26,29.39,10.91,9.02,12.43,91.61,39.99
I F B Industries Ltd.,16.12,12.14,7.72,0.1,2.16,5.17,1.24,0.82,4.1,1.75,1.45
I I F L Finance Ltd.,6.96,1.73,2.39,2.36,5.95,18.64,7.23,1.31,251.94,10.96,65.4
I R B Infrastructure Developers Ltd.,38.16,65.34,144.21,123.94,40.12,33.96,15.17,7.15,4.91,49.1,161.33
I T C Ltd.,151.77,63.2,98.34,126.13,263.15,195.39,263.1,98.83,185.2,111.08,130.7
I T I Ltd.,0.64,0.46,4.01,1.67,9.48,16.01,23.1,11.85,1.55,1.6,1
Ind-Swift Laboratories Ltd.,1.34,0.06,0.26,4.98,0.57,0.45,0.05,0.03,1.07,1.16,0.37
Indbank Merchant Banking Services Ltd.,0.02,0.01,0.83,0.01,0.03,2.26,0.05,0,0.02,0.17,0.52
India Cements Ltd.,6.29,12.94,50.89,44.37,33.77,54.23,26.17,7.92,20.78,28.49,30.95
India Glycols Ltd.,8.49,1.03,1.97,0.53,5.27,25.78,4.34,3.87,4.39,9.12,1.11
India Nippon Electricals Ltd.,0.02,0.03,0.42,2.1,0.77,3.91,0.37,0.64,0.1,3.29,0.15
Indiabulls Housing Finance Ltd.,,6.98,124.15,51.86,125.9,112.7,1003.01,305.61,161.95,97.01,101.96
Indiabulls Real Estate Ltd.,70.52,27.78,425.28,41.3,38.47,187.49,26.36,266.45,17.42,60.67,59.81
Indiamart Intermesh Ltd.,,,,,,,,2.77,68.47,148.39,6.42
Indian Bank,1.46,18.93,7.49,1.54,21.57,32.82,22.57,7.78,20.67,119.5,42.97
Indian Energy Exchange Ltd.,,,,,,1.43,0.26,8.58,18.14,211.34,15.36
Indian Hotels Co. Ltd.,12.97,2.85,7.92,3.76,2.75,19.08,68.78,4.86,9.18,110.7,59.21
Indian Metals & Ferro Alloys Ltd.,1.01,0.07,0.19,0.15,2.76,9.83,0.94,0.14,3.94,4.52,6.89
Indian Oil Corpn. Ltd.,100.57,30.57,48.5,17.25,421.97,922.22,138.11,178.06,423.8,154.81,95.83
Indian Overseas Bank,16,6.4,19.11,3.73,0.84,1.24,0.54,0.73,3.73,23.31,196.57
Indian Railway Catering & Tourism Corpn. Ltd.,,,,,,,,279.17,95.1,457.42,25.67
Indian Railway Finance Corpn. Ltd.,,,,,,,,,659.47,31.22,200.75
Indian Terrain Fashions Ltd.,0,0.05,2.8,0.38,0.13,1.18,0.24,0.09,0.73,1.05,0.73
Indigo Paints Ltd.,,,,,,,,,,3.3,3.12
Indo Tech Transformers Ltd.,1.12,0.46,1.43,0.9,0.5,0.18,0.01,0.03,0.01,1.74,0.68
Indoco Remedies Ltd.,1.1,3.3,42.63,4.71,0.37,2.89,0.2,0.45,2.41,8.38,1.2
Indraprastha Gas Ltd.,7.08,16.33,105.59,182.54,12.42,41.78,17.51,23.09,51.24,19.39,18.04
Indus Towers Ltd.,13.97,0.27,37.08,24.5,371.22,16.87,12.57,64.59,60.79,94.8,111.15
Indusind Bank Ltd.,21.17,40.11,60.37,76.39,83.9,67.89,111.51,227.52,538.73,411.07,101.99
Industrial Investment Trust Ltd.,0,0.01,0.01,0.04,0.01,0.13,0.01,0.11,0.02,0.03,0.23
Infibeam Avenues Ltd.,,,,,151.98,156.32,97.22,2.62,22.56,113.32,19.83
Info Edge (India) Ltd.,0.15,2.35,8.8,4.95,3.61,0.61,11.85,127.25,71.48,458.61,13.74
Infosys Ltd.,191.94,131.15,521.12,292.48,803.65,210.93,843.23,55.04,505.61,241.71,257.82
Ingersoll-Rand (India) Ltd.,0.72,0.28,2.82,0.32,3.07,1.63,1.18,0.34,1.68,2.69,1.06
Insecticides (India) Ltd.,0.79,0.13,2.28,1.82,1.96,3.83,1.1,0.19,0.49,0.54,0.45
Inspirisys Solutions Ltd.,0.06,5.55,1.2,2.58,0.14,0.06,0.04,0.06,0.03,0.03,0.2
Intellect Design Arena Ltd.,,,67.62,49.06,15.43,40.32,6.94,1.8,8.56,10.13,17.97
Interglobe Aviation Ltd.,,,,408.57,18.84,25.3,41.79,73.82,341.41,43.76,16.61
Intrasoft Technologies Ltd.,0.01,0,0.11,3.09,3.13,1.68,0,1.37,0.16,0.53,0.09
Inventure Growth & Securities Ltd.,0.55,0.22,6.61,0.04,1.58,1.37,0.07,0.28,0.19,34.38,2.71
Ipca Laboratories Ltd.,21.7,10.51,11.18,5.66,1.28,13.8,1.49,3.44,21.57,11.43,1.05
Ircon International Ltd.,,,,,,,2.57,14.38,4.46,8.83,47.3
J B Chemicals & Pharmaceuticals Ltd.,1.58,4.68,4.89,8,1.38,3.1,6.71,1.24,2.22,4.59,2.36
J B M Auto Ltd.,0.38,0.02,1.48,0.19,2.24,4.16,0.98,0.22,2.79,5.61,7.68
J K Cement Ltd.,0.72,0.2,2.37,0.77,1.82,5.34,0.3,1.48,7.24,12.48,28.12
J K Lakshmi Cement Ltd.,9.34,0.67,10.89,1.96,2.97,208.88,0.62,1.93,5.81,5.19,5.46
J K Paper Ltd.,1.06,0.11,0.71,0.82,4.93,46.16,26.11,5.85,36.72,9.61,19.77
J M Financial Ltd.,4.2,4.05,18.67,1.91,7.13,36.05,5.83,7.11,3.12,7.65,6.1
J S W Energy Ltd.,16.24,6.82,83.47,11.17,27.28,43.16,6.24,3.84,37.07,14.38,20.3
J S W Steel Ltd.,261.3,62.29,82.67,174.03,175.21,394.92,62.42,95.23,196.23,119.04,36.97
Jagran Prakashan Ltd.,0.24,0.59,3.51,1.12,11.51,1.75,0.19,0.79,0.52,0.99,0.25
Jagsonpal Pharmaceuticals Ltd.,0.03,0.03,0.25,1.91,0.11,0.09,0.11,0.03,4.94,1.47,0.39
Jai Corp Ltd.,20.6,34.21,54.58,11.1,10.06,153.72,52.18,54.9,4.49,22.35,14.61
Jain Irrigation Systems Ltd.,23.54,8.25,83.22,32.53,69.22,211.75,49.16,3.27,5.42,12.41,20.06
Jaiprakash Power Ventures Ltd.,4.68,15.35,34.64,2.41,37.99,3.35,0.69,4.95,3.11,206.39,69.84
Jammu & Kashmir Bank Ltd.,15.76,14.37,10.46,4.32,4.18,2.32,2.18,1.21,5.06,13.28,64.04
Jamna Auto Inds. Ltd.,0.02,0.05,0.24,22.91,5.66,16.62,8.51,2.14,2.52,14.92,2.86
Jay Bharat Maruti Ltd.,0.02,0.04,2.21,0.26,2.36,3.8,0.76,1.68,0.3,0.88,0.37
Jayant Agro-Organics Ltd.,0.5,0.59,0.08,0.07,3.08,2.03,0.24,0.16,0.05,1.28,0.79
Jet Freight Logistics Ltd.,,,,,,,,,,0.9,7.1
Jindal Photo Ltd.,0.7,0.5,0.59,0.66,0.02,0.31,0.02,0,0.05,2.6,0.24
Jindal Poly Films Ltd.,1.58,0.84,12.36,27.14,1.78,5.14,0.08,0.68,0.93,7.89,0.61
Jindal Stainless Ltd.,6.62,0.95,1.35,0.47,26.16,4.18,0.67,182.24,9.33,34.79,18.54
Jindal Steel & Power Ltd.,48.28,21.08,72.06,107.31,98.57,348.28,128.5,121,158.32,73.64,26.61
Jindal Worldwide Ltd.,1.42,0.03,0.09,0.01,0.01,18.38,3.01,5.64,4.96,8.1,2.8
Jubilant Foodworks Ltd.,114.51,9.04,10.53,17.71,45.06,328.73,314.41,103.49,70.56,269.47,35.67
Jubilant Industries Ltd.,0.18,0.01,0.07,0.07,12.68,0.75,0.11,0.02,0.33,0.97,0.21
Jubilant Ingrevia Ltd.,,,,,,,,,,26.27,21.07
Jubilant Pharmova Ltd.,1.44,6.82,15.51,58.78,30.95,205.41,11.25,40.08,20.34,5.28,1.25
Just Dial Ltd.,,306.87,28.52,548.48,91.06,276.04,40.94,67.5,44.53,26.89,18.32
Jyothy Labs Ltd.,1.67,18.37,15.34,3.35,0.71,1.77,2.06,0.77,19.86,2.64,2.83
K E C International Ltd.,2.5,1.93,8.9,4.23,24.33,17.8,8.28,8.15,9.23,10.7,9.84
K I O C L Ltd.,,,,,,5.01,0.86,0.19,0.23,0.41,1.31
K N R Constructions Ltd.,0.04,0.08,1.7,0.22,2.49,4.31,0.43,5.94,7.04,23,7.07
K P I T Technologies Ltd.,,,,,,,,19.18,26.18,57.88,395.36
K P R Mill Ltd.,0.29,7.5,2.35,2.7,1.27,1.96,0.8,0.03,4.31,32.62,2.11
K R B L Ltd.,2.6,2.58,9.32,47.01,13.39,4.8,7.61,3.03,10.39,8.31,3.47
K S B Ltd.,0.52,0.25,2.39,0.25,0.56,0.4,0.63,0.12,2.48,0.79,1
Kabra Extrusion Technik Ltd.,0.02,0.02,0.83,0.29,0.23,1.29,0.2,0.3,0.34,6.11,15.2
Kajaria Ceramics Ltd.,0.59,1.21,4.57,1.93,7.41,53.55,10.78,1.49,9,7.27,4.72
Kalpataru Projects Intl. Ltd.,62.84,0.23,5.04,0.74,1.05,8.84,0.92,0.86,3.14,2.69,489.44
Kalyan Jewellers India Ltd.,,,,,,,,,,7.69,110.51
Kalyani Forge Ltd.,0.02,0,0,0.08,1.8,0.21,0.1,0,0.06,0.12,0.09
Kalyani Steels Ltd.,2.3,0.69,3.56,4.32,11.18,7.91,0.88,0.78,9.88,0.53,1.48
Kamat Hotels (India) Ltd.,0.06,0.02,0.02,0.1,0.09,2.59,0.58,0.15,0.04,0.26,0.95
Kamdhenu Ltd.,2.15,0.04,0.27,0.93,3.05,2.16,1.42,0.36,0.19,0.12,5.31
Kanani Industries Ltd.,1.48,0.24,0,2.54,0.21,0.02,0,0.01,0.02,0.03,0.02
Kansai Nerolac Paints Ltd.,0.3,0.07,57.56,2.78,38.95,13.77,12.34,10.93,18.29,5.51,6.91
Karma Energy Ltd.,0.02,0,0.06,0.05,0.42,0.02,0.04,0,0.09,0.09,0.07
Karur Vysya Bank Ltd.,4.01,1.6,3.13,2.01,1.42,74.69,2.4,1.46,4.96,55.25,26.76
Kei Industries Ltd.,0.21,0.14,11.75,17.38,2.88,13.71,4.29,4.72,17.68,9.52,42.16
Kellton Tech Solutions Ltd.,0,0.07,2.92,71.74,2.14,1.37,0.37,0.56,3.49,56.59,0.83
Kennametal India Ltd.,9.39,0.03,1.87,0.16,1.29,1.95,6.61,0.16,0.07,0.97,1.3
Kesoram Industries Ltd.,0.54,2.19,12.84,5.9,4.8,5.5,4.53,0.56,2.18,7.55,4.17
Kewal Kiran Clothing Ltd.,0.07,6.09,2.33,0.06,0.02,0.37,0.16,0.03,0.15,5.02,3.65
Keynote Financial Services Ltd.,0,0.01,0.01,0.02,0,0.03,0,0.05,0.02,0.08,0.17
Khadim India Ltd.,,,,,,0.68,0.09,0.09,0.18,1.15,0.75
Khaitan (India) Ltd.,0,0,0,0,0,0.46,0,0.01,0,0.26,0.02
Khandwala Securities Ltd.,0.01,0,0,0.01,0.08,0.01,0,0,0.05,0.03,0.18
Kilitch Drugs (India) Ltd.,0.13,0.03,0.39,0.16,0.1,0.28,3.55,0.29,0.37,0.18,0.36
Kingfa Science & Technology (India) Ltd.,0,0,1.16,10.38,3.22,3.11,0.79,0.03,3.03,3.25,0.56
Kirloskar Brothers Ltd.,0.41,0.04,1.56,0.88,40.98,5.9,0.59,0.34,1.07,0.13,3.46
Kirloskar Industries Ltd.,0.1,0.11,0.05,0.04,0.03,0.16,0.15,0.18,0.14,0.53,1.2
Kirloskar Oil Engines Ltd.,0.05,0.31,0.39,0.24,0.38,1.69,0.34,0.58,1.09,14.3,55.8
Kitex Garments Ltd.,0.25,0.03,9.25,50.05,19.01,0.59,0.6,0.47,0.28,34.43,0.84
Kokuyo Camlin Ltd.,0.23,0.81,16.89,3.4,0.38,2.25,0.36,0.45,4.31,2.11,0.47
Kopran Ltd.,0.13,0.4,4.86,3.58,3.08,4.55,1.45,0.59,8.32,1.72,1.11
Kotak Mahindra Bank Ltd.,16.03,21.18,73.73,30.97,205.7,73.22,116.19,401.06,301.07,405.75,192.94
Kothari Products Ltd.,0.09,0.18,0.34,1.44,0.17,0.37,0.01,0.03,0.1,0.26,0.16
Krishna Institute Of Medical Sciences Ltd.,,,,,,,,,,4.07,1.65
Kuantum Papers Ltd.,0.01,0,16.21,0.18,1.28,3.91,0.31,1.28,0.18,0.74,1.6
L & T Finance Holdings Ltd.,43.45,23.41,65.7,13.59,32.65,88.64,61.97,42.62,108.34,44.47,45.93
L & T Technology Services Ltd.,,,,,3.49,17.9,55.96,3.85,27.6,86.15,32.66
L I C Housing Finance Ltd.,42.12,36.98,123.03,45.27,111.6,158.76,81.62,82.77,158.43,139.49,23.2
La Opala R G Ltd.,2.62,0.4,1.31,0.57,0.89,1.95,0.25,1.43,0.9,19.24,2.64
Lakshmi Machine Works Ltd.,2.83,1.37,4.7,0.57,1.33,8.9,2.01,1.76,16.5,5.78,7.62
Lambodhara Textiles Ltd.,1.26,0,1.69,0.82,0.18,0.75,0.01,0,0.05,0.35,5.51
Larsen & Toubro Ltd.,217.08,121.09,369.89,434.82,153.8,381.74,247.71,213.57,197.2,229.66,178.85
Latent View Analytics Ltd.,,,,,,,,,,34.88,5.27
Laurus Labs Ltd.,,,,,39.76,3.19,0.88,24.14,90.88,73.35,90.65
Laxmi Organic Inds. Ltd.,,,,,,,,,,22.43,20.15
Lemon Tree Hotels Ltd.,,,,,,,78.74,2.08,8.76,69.54,29.3
Liberty Shoes Ltd.,0.19,5.35,10.8,1.37,2.18,1.17,0.91,1,0.95,0.83,1.97
Life Insurance Corpn. Of India,,,,,,,,,,,69.31
Lincoln Pharmaceuticals Ltd.,0.55,0.24,29.66,12.21,1.88,18.68,0.85,0.78,0.65,11.93,1.52
Linde India Ltd.,1.18,0.14,0.64,0.06,0.1,2.21,17.22,1.56,1.06,10.65,2.86
Lloyds Metals & Energy Ltd.,0.07,4.28,0.02,0.01,0.04,0.86,0.9,0.05,0.23,15.21,97.48
Lokesh Machines Ltd.,0.28,0.02,0.06,1.94,6.29,0.57,0.02,0.12,0.23,1.68,0.7
Ltimindtree Ltd.,,,,,4.26,48.9,11.78,3.82,33.41,148.18,56.38
Lumax Auto Technologies Ltd.,0,0.01,0.48,1.48,1.27,2.97,0.79,0.7,1.23,3.66,0.18
Lumax Industries Ltd.,2.41,0.16,1.73,1.14,1.26,0.93,0.69,0.28,1.47,0.3,0.57
Lupin Ltd.,297.3,70.67,188.87,61.94,47.32,150.63,166.38,43.37,270.31,34.59,74.68
Lux Industries Ltd.,,,,0.93,22.05,5.86,1.89,0.45,2.17,27.5,5.78
Lypsa Gems & Jewellery Ltd.,1.5,1.94,1.04,9.49,6.73,3.53,0.04,0.02,0.01,0.05,0.03
M A S Financial Services Ltd.,,,,,,2.4,1.09,1.35,0.87,5.47,1.74
M M T C Ltd.,6.21,4.64,11.91,5.86,34.94,37.76,2.21,1.62,5.99,242.41,4.55
M R F Ltd.,26.1,27.01,65.03,65.34,49.26,76.52,32.16,14.34,239.22,24.57,64.58
Maan Aluminium Ltd.,0,0.01,0.15,0.04,0.83,0.36,0.02,0.01,0.27,0.61,1.79
Macrotech Developers Ltd.,,,,,,,,,,9.31,10.24
Madhucon Projects Ltd.,0.33,0.16,2.72,0.45,1,0.68,0.01,0.01,0.01,0.11,0
Magadh Sugar & Energy Ltd.,,,,,,0.74,0.08,0.22,0.2,1.13,0.34
Magnum Ventures Ltd.,0,0,0,0.01,0.02,0.32,0.14,0,0,0.02,5.06
Mahanagar Gas Ltd.,,,,,11.03,13.68,8.38,50.6,20.68,24.37,12.81
Maharashtra Scooters Ltd.,0.66,0.25,0.55,0.75,1.49,2.2,0.67,0.23,1.82,2.39,0.2
Maharashtra Seamless Ltd.,0.38,0.16,1.88,0.11,2.2,12.45,0.52,0.23,2.03,13.82,7.82
Mahindra & Mahindra Financial Services Ltd.,8.06,13.67,97.6,17.6,37.21,964.64,27.74,32.96,266.79,78.33,21.58
Mahindra & Mahindra Ltd.,37.65,65.46,111.09,74.24,254.77,47.93,161.38,23.87,201.83,185.42,148.59
Mahindra Holidays & Resorts India Ltd.,2.98,0.23,2.39,3.79,6.29,7.49,2.31,0.2,2.52,3.73,1.19
Mahindra Lifespace Developers Ltd.,0.2,0.09,15.25,1.27,10.67,2.46,0.46,1.29,0.46,2.3,2.12
Mahindra Logistics Ltd.,,,,,,11.4,0.87,0.37,0.35,4.32,0.94
Maithan Alloys Ltd.,0.01,0.01,0.18,0.16,3.19,38.03,1.46,1.85,1.36,1.89,4.39
Man Industries (India) Ltd.,0.02,0.08,5.94,7.42,1.08,21.89,3.77,2.1,1.38,2.35,0.21
Man Infraconstruction Ltd.,2.25,0,220.44,3.28,2.15,5.65,0.23,0.42,1.05,16.8,1.94
Manaksia Ltd.,0.41,0.41,0.16,0.07,0.11,0.64,0.01,0.28,0.66,1.49,10.19
Manaksia Steels Ltd.,,,,0.02,0,0.24,0.06,0.03,0.17,0.8,2.18
Manali Petrochemicals Ltd.,0.35,0.05,1.34,1.95,32.88,3.39,1.6,1.08,2.06,3.6,3.83
Manappuram Finance Ltd.,181.3,2.21,18.12,13.94,28.89,46.84,9.47,19.85,71.16,65.74,69.52
Mangalam Cement Ltd.,0.83,0.1,1.42,0.34,2.24,60.14,0.06,0.45,0.12,0.49,0.73
Mangalore Refinery & Petrochemicals Ltd.,10.75,3.97,24.75,2.31,43.67,17.38,7.62,2.7,2.43,23.35,29.51
Marathon Nextgen Realty Ltd.,0.03,0.05,0.36,0.07,0.02,4.48,0.01,0.29,1.33,0.23,0.03
Marico Ltd.,2.03,12.82,135.45,11.13,4.13,4.35,21.07,83.6,36.35,135.5,10.26
Marksans Pharma Ltd.,1.48,12.69,46.63,79.33,6.87,40.16,2.7,1.75,3.18,8.86,4.57
Maruti Suzuki India Ltd.,101.26,72.19,111.09,476.69,183.68,201.45,448.93,303.72,732.37,181.91,158.26
Mastek Ltd.,2.31,4.89,21,3.98,8.96,58.94,6.02,2.82,18.48,25.47,2.14
Mawana Sugars Ltd.,0.03,0.01,0.01,0.34,3.65,2.93,0.13,0.42,0.06,1.35,1.37
Max Financial Services Ltd.,3.97,0.41,32.67,5.01,12.02,11.35,40.23,18.8,45.31,67.82,19.01
Max Healthcare Institute Ltd.,,,,,,,,,1.27,14.92,18.41
Mayur Uniquoters Ltd.,1.25,0.1,6.63,1.96,1.17,1.3,0.04,0.76,1.65,2.46,0.33
Mazagon Dock Shipbuilders Ltd.,,,,,,,,,19.35,7.95,144.42
Mazda Ltd.,0.48,0,1.46,1.5,0.5,3.53,0.01,0,0.2,0.34,0.04
Medplus Health Services Ltd.,,,,,,,,,,26.27,0.63
Megasoft Ltd.,0.18,0.07,0.13,0.15,1.3,0.29,0.05,0.06,0.34,9.73,0.61
Menon Bearings Ltd.,0.05,0.02,0.87,0.3,0.27,3.06,0.36,0.02,0.2,4.32,1.05
Metro Brands Ltd.,,,,,,,,,,7.3,6.31
Metropolis Healthcare Ltd.,,,,,,,,8.33,1.52,20.27,9.44
Minda Corporation Ltd.,,,,1.35,2.52,5.66,0.25,1.9,2.72,21,11.31
Mindteck (India) Ltd.,0,2.32,0.59,18.35,0.86,0.93,0.05,0,0.1,4.04,0.2
Mirza International Ltd.,0.21,1.98,15.31,6.98,5.23,4.75,2.72,0.76,0.1,11.81,18.87
Mishra Dhatu Nigam Ltd.,,,,,,,3.04,3.83,7.82,2.74,3.32
Modi Rubber Ltd.,0.02,0.01,0.06,0,0.03,0.34,0,0,0.01,0.05,0.01
Mold-Tek Packaging Ltd.,0.5,0.01,8.13,1.29,1.48,6.23,0.76,0.76,1.08,3.51,4.23
Mold-Tek Technologies Ltd.,0.06,0.01,0.56,3.8,0.49,0.37,0.12,0.01,0.31,0.37,11.96
Monte Carlo Fashions Ltd.,,,10.2,1.02,0.71,5.52,0.12,0.24,0.46,2.61,1
Morepen Laboratories Ltd.,0.17,0.31,2.17,29.53,2.02,17.2,1.13,0.51,4.36,9.49,19.85
Motherson Sumi Wiring India Ltd.,,,,,,,,,,,18.95
Motilal Oswal Financial Services Ltd.,0.04,0.07,9.86,0.57,15.06,14.37,2.03,2.72,3.79,6.76,3.84
Mphasis Ltd.,1.42,5.97,2.07,0.86,6.58,25.27,34.97,0.79,29.49,29.92,22.84
Mukta Arts Ltd.,0.01,0.05,0.06,0.66,1.29,0.83,0.05,0.05,0.01,0.14,0.03
Multi Commodity Exchange Of India Ltd.,24.68,341.34,134.58,17.45,28.04,50.49,15.29,117.87,7.5,55.31,22.02
Munjal Showa Ltd.,0.01,0.21,4.21,0.18,1.49,1.82,0.08,0.15,0.3,0.1,0.16
Murudeshwar Ceramics Ltd.,0.71,0.02,0.01,0.09,0.52,0.97,0.07,0.27,0.38,0.74,0.24
Muthoot Capital Services Ltd.,0.36,0.4,1.15,0.12,0.11,1.71,4.46,0.28,1.09,0.02,0.36
Muthoot Finance Ltd.,7.1,11.77,8.99,40.78,11.09,12.2,13,10.33,68.08,11.59,14.1
N B C C (India) Ltd.,3.29,1.93,155.36,23.96,83.54,55,21.46,18.91,29.61,59.22,24.04
N C C Ltd.,14.96,3.52,94.34,24.71,29.32,52,35.97,47.65,37.37,31.55,44.1
N H P C Ltd.,191.16,7.27,13.28,10.84,19.33,21.85,7.73,14.9,14.21,13.53,44.8
N L C India Ltd.,0.49,3.88,1.72,0.8,3.95,5.85,3.39,1.04,2.95,19.66,9.94
N M D C Ltd.,54.83,14.39,24.62,10.75,32.04,43.79,64.95,49.08,30.67,75.24,188.33
N T P C Ltd.,24.13,44.21,280.62,64.17,28.45,133.62,25.73,107.84,77.19,138.03,282.48
Nahar Industrial Enterprises Ltd.,0.04,0.07,0.08,0.15,2.77,0.58,0.04,0.01,0.14,0.85,0.07
Nahar Poly Films Ltd.,0.01,0.01,0.02,0.06,0.3,1.53,0.07,0.01,0.25,2.63,0.34
Nahar Spinning Mills Ltd.,0.6,3.54,0.79,2.21,1.87,2.06,0.04,0.09,0.22,2.34,0.48
Narayana Hrudayalaya Ltd.,,,,22.81,1.73,1.36,0.07,7.5,2.19,6.24,2.15
Natco Pharma Ltd.,3.51,3.28,3.93,11.8,54.19,44.86,19.3,1.63,5.57,5.79,5.85
Nath Bio-Genes (India) Ltd.,,1.45,1.34,0.11,2.09,20.18,1.05,0.17,0.37,3.54,0.38
National Aluminium Co. Ltd.,6.91,3.78,10.93,6.29,23.1,57.87,16.83,18.62,119.67,107.4,43.51
National Fertilizers Ltd.,0.27,2.06,2.36,1.27,28.67,26.13,1.92,0.76,4.65,6.34,69.03
Navin Fluorine Intl. Ltd.,1.82,0.32,2.32,9.13,3.21,9.37,8.01,10.48,54.44,36.37,8.22
Navkar Corporation Ltd.,,,,2.53,1.22,8.82,0.4,0.14,1.98,2.17,3.66
Navneet Education Ltd.,1.12,0.59,2.15,1.14,1.82,1.17,0.38,0.42,0.61,22.28,0.83
Nelcast Ltd.,0.16,0.1,1.92,0.66,0.56,1,0.26,0.16,0.58,1.29,8.1
Neogen Chemicals Ltd.,,,,,,,,0.91,0.7,3.94,1.27
Nesco Ltd.,0.93,0.61,2.37,0.26,1.08,6.19,1.1,32.64,4.74,1.53,1.91
Nestle India Ltd.,11.51,25.47,14.6,7.69,17.36,4.44,65.37,23.45,36.57,14.81,18.39
Network18 Media & Invst. Ltd.,3.1,0.75,73.86,6.32,0.79,26.27,0.51,0.17,3.59,9,5.65
Neuland Laboratories Ltd.,0.27,6.61,1.4,2.1,3.29,0.94,1.77,0.66,13.55,2.2,2.33
New Delhi Television Ltd.,7.56,1.14,1.54,1.32,0.15,0.75,0.35,0,0.1,0.41,35.58
New India Assurance Co. Ltd.,,,,,,1,0.26,3.37,1.8,10.09,15.48
Newgen Software Technologies Ltd.,,,,,,32.55,0.62,0.49,0.82,5.44,3.17
Nila Infrastructures Ltd.,0.04,0.25,1.48,2.17,7.24,15.6,0.32,0.09,0.15,3.05,0.16
Nilkamal Ltd.,0.15,1.61,4.14,23.56,45.87,4.42,3.33,4.21,0.93,0.41,0.27
Nippon Life India Asset Mgmt. Ltd.,,,,,,5.88,0.92,26.63,8.96,11.33,7.97
Nitin Spinners Ltd.,0.41,0.51,0.6,1.16,1.3,4.77,0.53,0.02,1.43,7.87,1.99
Nocil Ltd.,0.65,0.35,18.35,8.37,12.4,213.23,7.56,74.16,6.63,19.09,4.37
Norben Tea & Exports Ltd.,,,,,,,,,,,0.26
Nucleus Software Exports Ltd.,0.5,13.52,2.2,3.23,7.97,4.64,0.06,0.47,4.26,3.18,0.52
Nuvoco Vistas Corporation Ltd.,,,,,,,,,,3.32,1.6
Oberoi Realty Ltd.,1.12,33.38,24.28,2.99,2.35,10.7,3.46,4.78,7.73,43.93,16.22
Oil & Natural Gas Corpn. Ltd.,232.33,49.74,93.93,57.62,498.58,143.96,39.05,223.15,177.39,668.24,100.76
Oil India Ltd.,112.51,21.87,14.85,12.29,48.71,15.02,8.88,35.61,6.27,31.09,15.41
Olectra Greentech Ltd.,1.11,0.01,0.06,1.24,0.96,9.3,0.86,0.51,0.85,4.04,12.93
One 97 Communications Ltd.,,,,,,,,,,182.48,27.78
Onelife Capital Advisors Ltd.,28.99,2.57,0.64,0.59,0.03,0.09,0.01,0.02,0,0.12,0.11
Onward Technologies Ltd.,0.06,0.28,0.31,1.23,0.24,1.89,0.48,0.01,0.85,1.76,0.4
Optiemus Infracom Ltd.,0.01,0.02,0.07,0.49,0.96,2.61,3.9,1.43,1.88,1.34,7.47
Oracle Financial Services Software Ltd.,9.31,3.4,8.01,1.92,6.25,10.11,5.89,2.15,8.15,175.78,2.77
Orbit Exports Ltd.,2.25,0.81,4.5,0.28,0.77,0.18,0.03,0.01,0.44,21.12,0.28
Orient Bell Ltd.,0.31,0.01,0.32,0.2,0.23,5.56,0.64,0.1,4.17,16.4,4.64
Orient Cement Ltd.,,0.35,2.72,0.19,4.44,2.26,0.09,0.29,6.87,7.93,7.04
Orient Electric Ltd.,,,,,,,3.64,11.53,7.36,7.8,2.46
Oriental Aromatics Ltd.,26.57,0.03,1.49,0.36,5.11,1.15,1.3,0.4,5.79,0.88,0.51
Oriental Carbon & Chemicals Ltd.,0.95,0.07,3.87,0.43,0.14,6.36,0.04,0.34,2.03,1.13,0.18
Oriental Hotels Ltd.,0.01,0.01,0.11,0.18,0.43,2.12,0.32,0.01,0.13,7.67,2.7
Oswal Agro Mills Ltd.,0.21,0.07,0.38,0.28,0.14,0.4,0.02,0.05,0.45,0.75,0.33
P B Fintech Ltd.,,,,,,,,,,51.91,42.15
P C B L Ltd.,7.88,0.26,14.65,4.47,9.17,157.75,82.97,9.59,37.59,8.36,22.16
P I Industries Ltd.,0.28,0.78,18.65,3.64,1.45,7.88,6.94,110.06,39.82,34.9,24.17
P N B Housing Finance Ltd.,,,,,43.14,41.84,5.62,34.31,8.21,4.47,24.79
P N C Infratech Ltd.,,,,0.07,2.75,2.04,0.31,2.42,2.29,6.08,7.94
P V R Inox Ltd.,8.26,87.03,43.68,22.17,8.09,70.38,10.32,12.33,120.59,109.64,23.61
Page Industries Ltd.,1.79,0.54,5.96,15.75,1.5,6.38,24.9,26.47,27.1,19.5,10.66
Paisalo Digital Ltd.,22.61,11.97,2.21,0.02,0.04,1.64,0,2.2,0.47,2.45,0.18
Palash Securities Ltd.,,,,,,0.07,0,0.01,0,0,0
Palred Technologies Ltd.,0.44,0.05,0.2,0.86,0.12,0.33,0.06,0.04,0.37,2,0.32
Panama Petrochem Ltd.,0.03,0.02,3.59,1.42,0.35,2.19,0.36,0.01,1.83,7.22,1.98
Parag Milk Foods Ltd.,,,,,4.01,30.48,5.3,1.23,1.97,8.63,2.55
Paramount Communications Ltd.,0.03,0,0.03,0.01,0.05,1.39,0.36,0.07,0.08,0.42,3.02
Patanjali Foods Ltd.,1.67,1.85,0.82,3.87,2.36,1.99,1.28,0.01,1.97,2.92,145.82
Patel Engineering Ltd.,1.07,6.24,28.65,1.32,7.18,6.3,0.6,0.61,0.95,10.02,5.02
Patel Integrated Logistics Ltd.,0.07,0.08,6.87,1.61,0.44,2.67,0.05,0.05,0.03,1.07,0.17
Pennar Industries Ltd.,0.07,0.03,6.97,2.32,0.59,4.86,0.76,0.74,0.37,4.51,1.81
Persistent Systems Ltd.,6.7,2,12.67,6.04,12.84,19.07,4.55,3.58,17.66,71.34,90.78
Petronet L N G Ltd.,13.5,52.86,31.19,9.19,39.87,51.46,23.56,10.25,27.91,7.81,7.01
Pfizer Ltd.,0.7,4.08,22.99,2.47,1.32,28.71,9.45,3.69,27.55,6.59,10.25
Phoenix Mills Ltd.,3.18,0.05,4.7,0.12,10.65,2.88,0.43,1.81,9.69,6.59,4.74
Pidilite Industries Ltd.,18.63,42.26,26.65,13.02,13.72,20.6,122.72,37.29,123.6,47.87,44.39
Piramal Enterprises Ltd.,3.88,2.5,2.38,12.4,15.31,50.22,83.52,144.76,111.01,33.24,53.16
Piramal Pharma Ltd.,,,,,,,,,,,23.13
Plastiblends India Ltd.,0.05,0.14,0.82,0.55,0.74,6.54,0.08,0.24,0.05,0.08,0.53
Poly Medicure Ltd.,0.23,2.22,8.04,1.67,4.6,0.19,0.04,1.88,2.42,5.06,2.68
Polycab India Ltd.,,,,,,,,10.85,74.91,27.06,76.01
Polyplex Corporation Ltd.,0.69,0.17,1.18,1.23,1.6,2.86,0.43,1.8,0.94,35.13,406.05
Ponni Sugars (Erode) Ltd.,0.09,0.06,0.79,1.79,0.35,0.06,0.34,0.48,0.04,0.71,8.3
Poonawalla Fincorp Ltd.,0.7,0.12,0.78,0.52,0.85,1.92,3.3,1.15,2.2,50.67,29.53
Power Finance Corpn. Ltd.,74.8,22.66,125.79,35.72,76.98,37.21,61.33,31.73,23.71,210.46,66.28
Power Grid Corpn. Of India Ltd.,15.13,13.56,54.9,44.04,41.92,48.82,23.62,215.99,17.22,49.57,70.49
Power Mech Projects Ltd.,,,,0.42,5.95,0.98,0,11.67,0.87,2.37,4.38
Praj Industries Ltd.,2.79,2.27,17.81,134.22,9.07,19.89,77.81,8.8,42.58,52.87,13.21
Prakash Industries Ltd.,1.31,0.17,3.37,1.06,12.14,117.43,3.17,2.65,0.74,8.1,15.95
Precision Camshafts Ltd.,,,,,0.51,1.62,0.26,0.09,0.33,7.31,0.42
Precision Wires India Ltd.,0.05,0.02,1.22,0.51,1.01,1.77,0.42,0.03,0.15,12.9,3.25
Premier Explosives Ltd.,0.11,0.02,3.98,3.9,0.9,0.38,0.3,0.09,1.11,2.99,0.3
Prestige Estates Projects Ltd.,2.32,0.9,20.62,0.1,3.48,330.42,0.13,4.58,5.11,16.72,3.04
Pricol Ltd.,,,,,,46.3,3.51,0.69,2.15,7.98,2.28
Prime Securities Ltd.,0.03,0.01,0.01,0.11,0.22,1.24,7.13,0.09,0.18,2.41,0.71
Prince Pipes & Fittings Ltd.,,,,,,,,5.05,5.18,33.88,16.38
Prism Johnson Ltd.,0.88,0.32,16.37,0.65,1.74,21,1.24,0.87,2.96,4.73,2.49
Privi Speciality Chemicals Ltd.,0.22,8.07,4.32,0.43,1.94,0.29,0.32,0.1,13.79,12.57,0.93
Procter & Gamble Health Ltd.,4.91,0.71,13.75,1.12,2.03,11.07,3.98,3.74,2.32,4.88,2.87
Procter & Gamble Hygiene & Health Care Ltd.,0.56,1.09,10.33,1.25,5.02,1.47,1.17,0.96,35.17,3.88,5.63
Pudumjee Paper Products Ltd.,,,,,0.13,0.36,0.08,0.4,0.28,0.98,3.57
Punjab & Sind Bank,3.22,0.49,4.56,0.28,0.42,1.14,0.17,0.2,1.48,0.38,6.63
Punjab Chemicals & Crop Protection Ltd.,0.05,0,0.28,0.3,3.71,0.64,5.83,0.1,4.45,6.3,0.31
Punjab National Bank,908.71,409.26,293.48,112.28,147.55,157.9,78.78,28.58,346.32,265.1,480.64
Puravankara Ltd.,14.54,0.66,3.36,0.58,0.51,11.26,0.18,0.88,0.2,1.11,0.65
Quess Corp Ltd.,,,,,6.98,291.33,2.85,6.05,47.94,2.09,3.21
Quick Heal Technologies Ltd.,,,,,27.75,60.05,3.61,1.57,2.04,3.19,1.09
R B L Bank Ltd.,,,,,65.6,108.93,45.53,103.68,278.29,166.68,71.38
R E C Ltd.,41.56,30.56,105.42,26.44,111.04,40.89,41.63,27.95,16.48,95.86,107.5
R H I Magnesita India Ltd.,12.15,0.58,0.57,0.44,0.48,0.23,0.97,0.21,0.48,6.51,9.37
R Systems International Ltd.,1.35,0.35,0.8,0.15,0.29,0.41,0.61,0.13,0.32,2.71,2.16
Radico Khaitan Ltd.,11.35,16.83,23.36,2.7,4.74,114.51,8.5,27.55,94.54,11.27,15.03
Rail Vikas Nigam Ltd.,,,,,,,,17.85,43.85,52.52,108.66
Rain Industries Ltd.,0.77,1.39,3.24,1.28,10.9,192.58,35.11,8.88,10.84,20.18,6.68
Rainbow Children'S Medicare Ltd.,,,,,,,,,,,11.15
Raj Television Network Ltd.,7.78,45.56,30.97,1.98,0.07,0.08,0,0.21,0.04,0.06,0
Rajesh Exports Ltd.,6.9,1.26,15.77,60.66,34.12,29.02,35.4,30.54,129.72,42.57,26.35
Rallis India Ltd.,3.59,5.34,4.76,1.32,10.33,10.51,3.1,11.05,13.62,4.27,7.44
Rama Steel Tubes Ltd.,,,,4.4,4.59,5.43,0.01,0,0.02,5.39,33.33
Ramco Cements Ltd.,15.15,0.07,4.89,3.52,67.64,7.29,7.46,4.32,9.17,13.32,5.47
Ramkrishna Forgings Ltd.,0.11,0.09,6.7,2.22,1.5,7.3,0.09,0.12,1.23,9.99,16.37
Ramky Infrastructure Ltd.,1.61,0.15,0.89,0.09,1.25,4.32,0.52,0.04,0.8,4.68,3.57
Rane Brake Lining Ltd.,0.01,0.19,0.46,12.83,2.78,0.8,0.15,0.44,0.52,0.49,0.35
Rane Holdings Ltd.,0.01,0.05,1.5,0.4,0.46,0.75,0.03,0.19,2.19,0.73,0.02
Rashtriya Chemicals & Fertilizers Ltd.,2.15,2.59,22.77,5.57,30.35,73.85,18.39,8.7,6.77,17.74,131.44
Ratnamani Metals & Tubes Ltd.,0.12,0.3,10.56,0.02,1.17,2.89,0.95,0.43,1.51,0.39,13.32
Raymond Ltd.,14.63,12.95,43.49,2.21,9.7,40.44,12.18,12.13,5.64,26.36,36.08
Redington Ltd.,8.96,0.31,29.13,0.96,0.37,2.55,0.76,2.06,1.77,57.2,21.88
Refex Industries Ltd.,0,0,0.13,0.05,0.06,0.25,3.32,0.31,8.63,2.67,7.22
Relaxo Footwears Ltd.,0.04,0.32,1.35,0.18,3.69,0.51,0.33,6.73,5.38,18.96,6.31
Reliance Industrial Infrastructure Ltd.,19.66,21.31,99.33,46.85,12.83,120.88,18.36,44.82,4.87,26.13,54.32
Reliance Industries Ltd.,227.36,152.06,222.43,289.68,171.53,438.23,757.36,697.39,1737.84,443.53,236.2
Remsons Industries Ltd.,0,0,0.01,0.01,0.75,0.24,1.16,0.05,0.22,0.6,0.08
Repro India Ltd.,0.85,0.15,0.32,0.4,0.12,1.05,0.01,0.1,0.3,0.21,0.27
Responsive Industries Ltd.,3.03,1.92,0.14,0.04,0.01,16.12,2.87,3.76,1.19,8.63,0.52
Restaurant Brands Asia Ltd.,,,,,,,,,45.64,5.12,226.64
Revathi Equipment Ltd.,0,0,0.34,0.18,0.11,0.45,0.02,0.05,0.05,0.17,0.03
Rites Ltd.,,,,,,,6.96,8.84,6.35,2.49,9.1
Rossari Biotech Ltd.,,,,,,,,,2.75,3.22,3.76
Rossell India Ltd.,0.01,0.14,0.32,1.41,0.92,2.63,0.14,0.02,0.49,0.98,1.32
Route Mobile Ltd.,,,,,,,,,95.92,182.42,69.74
Royal Orchid Hotels Ltd.,0.06,0.01,0.09,3.82,0.09,2.73,0.24,0.04,0.09,3.38,0.41
Ruchi Infrastructure Ltd.,0.03,0,0.01,0,0.04,5.23,0,0,0.36,0.71,0.12
Ruchira Papers Ltd.,0.2,0.03,0.77,0.52,8.81,1.61,0.74,0.21,0.22,0.42,0.34
Rushil Decor Ltd.,18.62,2.03,4.3,8.44,28.42,4.62,1.71,0.01,0.06,0.83,3.51
S B I Cards & Payment Services Ltd.,,,,,,,,,84.82,25.31,33.88
S B I Life Insurance Co. Ltd.,,,,,,15.42,11.94,16.86,36.29,48.79,16.84
S I S Ltd.,,,,,,0.93,0.9,386.65,3.86,26.19,0.16
S J V N Ltd.,7.87,0.15,4.09,1.4,16.91,2.2,4.88,3.16,1.72,16.7,10.93
S K F India Ltd.,2.4,0.38,5.91,0.48,2.92,0.72,2.07,0.41,0.85,3.82,4.49
S R F Ltd.,0.78,0.64,13.76,15.55,36.3,35.28,16.47,25.08,41.87,63.32,76.57
Sagar Cements Ltd.,0.01,0.05,0.05,0.41,0.41,1.3,0.33,0.12,0.94,3.04,0.35
Saksoft Ltd.,0,0.65,0.93,14.76,1.13,0.49,0.29,0.05,0.42,1.36,4.57
Sakuma Exports Ltd.,0.02,0.01,0.07,1.01,0.4,0.19,1.11,0.02,0.4,1.02,0.32
Salona Cotspin Ltd.,0.02,0.01,0,0,0.03,0.04,0.01,0,0,0.63,0.02
Samvardhana Motherson Intl. Ltd.,0.51,134.9,41.43,27.63,55.85,33.37,369.21,125.54,80.6,51.79,96.57
Sandhar Technologies Ltd.,,,,,,,1.29,0.01,0.8,4.83,1.02
Sangam (India) Ltd.,0.16,0.06,1.13,1.98,0.76,0.53,0.03,0.03,0.07,1.31,0.04
Sanghvi Movers Ltd.,0.16,0.02,1.25,4.01,1.86,2.32,0.54,0.4,0.24,4.33,3.16
Sanofi India Ltd.,10.94,1.01,0.75,2.99,0.62,0.87,0.48,0.52,5.25,4.09,12.62
Sapphire Foods India Ltd.,,,,,,,,,,8.78,1.86
Sarda Energy & Minerals Ltd.,0.6,0.05,1.72,1.36,2.31,12.11,2.41,0.95,8.57,2.72,1.94
Sastasundar Ventures Ltd.,0.03,0.01,0.47,0.21,1.64,0.07,0,0.12,0.25,1.85,0.19
Satia Industries Ltd.,,,,0,0.01,0.02,1.15,3.31,0.82,2.51,1.27
Satin Creditcare Network Ltd.,,,,1.77,7.19,4.76,1.24,0.3,0.31,1.62,0.74
Savita Oil Technologies Ltd.,0.63,0.09,0.43,0.53,0.24,0.64,0.06,0,0.31,1.1,3.46
Schaeffler India Ltd.,3.67,0.03,0.53,4.25,1.92,1.52,1.19,0.23,0.27,15.05,2.45
Schneider Electric Infrastructure Ltd.,0.91,2.06,4.25,7.89,1.63,2.54,0.65,4.08,4.65,4,7.21
Seamec Ltd.,0.78,0.21,0.53,0.33,0.19,0.04,0.6,0.06,0.65,0.32,0.17
Selan Exploration Technology Ltd.,0.27,11.05,6.16,16.33,2.34,1.46,4.09,0.19,0.76,2.45,0.5
Shalby Ltd.,,,,,,5.32,2.74,2.35,1.13,0.53,1.79
Shankara Building Products Ltd.,,,,,,86.65,4.19,0.68,9.47,4.87,4.51
Shanthi Gears Ltd.,0.24,0.08,5.46,0.21,1.42,0.45,28.38,37.46,0.27,0.57,1.02
Sharda Cropchem Ltd.,,,5.08,0.94,2.81,3.47,0.32,0.56,9.65,37.63,13.87
Sheela Foam Ltd.,,,,,3.26,0.07,0.01,0.08,1.61,7.68,0.45
Shemaroo Entertainment Ltd.,,,7.96,2.04,1.95,7.45,0.32,0.19,0.03,0.44,4
Shilpa Medicare Ltd.,0,0.62,6.54,3.52,1.3,0.98,0.32,0.43,3.69,6.09,0.62
Shoppers Stop Ltd.,5.29,0.36,2.12,12.61,0.38,2.99,0.83,0.06,0.68,5.81,2.96
Shree Cement Ltd.,2.03,19.31,1.2,3.32,282.66,55.58,5.16,15.28,17.33,15.08,16.68
Shree Rama Multi-Tech Ltd.,0.16,0.33,0.06,0.03,0.28,0.14,0,0.34,0.01,0.34,0.12
Shree Renuka Sugars Ltd.,48.44,17.65,19.22,5.65,4.97,7.56,0.42,0.81,2.13,23.38,57.2
Shreyans Industries Ltd.,0.19,0,0.19,0,0.48,1.36,1.61,0.17,0.11,0.42,0.11
Shreyas Shipping & Logistics Ltd.,0.14,0.06,15.22,1.44,0.84,1.25,0,0.04,0.55,1.02,1.23
Shriram Finance Ltd.,9.52,3.83,10.73,74.02,63.74,49.22,55.74,31.39,1247.9,46.74,23.88
Shyam Metalics & Energy Ltd.,,,,,,,,,,29.9,2.21
Siemens Ltd.,82.94,18.12,133.84,128.42,20.37,66.58,10.91,71.47,20.84,14.38,73.8
Sirca Paints India Ltd.,,,,,,,,,,,3.62
Skipper Ltd.,,,1.43,6.8,0.28,7.53,0.71,0.86,0.57,0.73,1.25
Snowman Logistics Ltd.,,,28.8,6.73,6.12,15.4,0.95,1.04,10.4,2.79,15.4
Sobha Ltd.,6.63,3.07,6.68,0.48,1.4,16.68,2.38,3.02,4.15,21.98,1.43
Solar Industries India Ltd.,6.88,5.01,1.27,2.55,0.35,0.77,1.64,1.49,0.56,33.97,8.76
Somany Ceramics Ltd.,0.19,0.84,1.53,0.24,1.61,9.29,2.58,0.56,1.66,1.53,1.29
Somi Conveyor Beltings Ltd.,0.03,1.3,3.53,0.72,0.69,0.07,0.07,0.01,0.06,0.11,0.02
Sona B L W Precision Forgings Ltd.,,,,,,,,,,75.4,15.19
Sonata Software Ltd.,0.68,1.69,4.78,2.58,10.02,13.77,2.02,1.26,3.08,6.21,6.21
Speciality Restaurants Ltd.,1.03,2.81,0.47,0.15,0.45,6.86,1.94,0.26,0.19,0.44,5.46
Sree Rayalaseema Hi-Strength Hypo Ltd.,0.04,0.02,0.04,0.11,0.35,0.68,0.14,0.03,0.19,0.8,0.86
Star Cement Ltd.,,,,,,1.36,0.08,0.72,1.37,5.56,5.84
Star Health & Allied Insurance Co. Ltd.,,,,,,,,,,10.03,13.86
Star Paper Mills Ltd.,0.02,0,0.11,0.37,1.44,20.97,1,1.65,0.33,1.2,0.34
State Bank Of India,938.99,343.08,1023.25,504.96,363.88,496.13,559.64,1132.06,751.92,518.69,596.81
Steel Authority Of India Ltd.,21.52,11.87,21.62,14.93,48.02,154.48,30.04,40.23,963.41,263.44,164.07
Steel Strips Wheels Ltd.,0.03,0.14,3.03,3.97,1.34,0.82,0.35,0.07,0.49,2.57,6.97
Sterling & Wilson Renewable Energy Ltd.,,,,,,,,2.27,81.56,27.85,11.62
Sterling Tools Ltd.,0.04,0.17,0.41,0.5,0.46,0.71,0.65,0.57,0.14,0.23,7.56
Sterlite Technologies Ltd.,3.75,2.79,13.73,30,55.02,192.66,41.5,12.76,13.83,17.21,6.9
Subros Ltd.,0.15,0.73,0.66,3.39,9.46,2.06,0.26,0.15,3.57,0.22,0.46
Sumitomo Chemical India Ltd.,,,,,,,,18.69,4.19,10.91,6.1
Summit Securities Ltd.,0.02,0.02,0.05,0.05,0.13,0.3,0.68,0.35,0.03,12.84,0.15
Sun Pharma Advanced Research Co. Ltd.,48.98,29.54,588.08,31.92,11.53,27.92,14.46,17.22,18.93,27.44,58.9
Sun Pharmaceutical Inds. Ltd.,32.43,75.52,100.37,277,82.4,186.97,177.59,37.8,545.8,164.41,105.62
Sun T V Network Ltd.,31.23,8.02,17.38,72.51,52.85,63.47,46.08,15.85,27,16.94,28.79
Sundaram Finance Ltd.,2.17,0.58,30.86,2.73,5.07,8.44,1.92,0.27,50.1,0.28,1.95
Sundram Fasteners Ltd.,0.14,1.36,10.41,0.82,9.27,10.69,2.4,0.7,2.13,1.54,5.5
Sunteck Realty Ltd.,2.06,2.37,5.35,2.11,6.06,42.66,15.72,8.54,7.23,18.75,18.24
Superhouse Ltd.,0.16,0.34,0.86,1.53,0.51,1.62,0.2,0.17,0.27,1.11,0.27
Suprajit Engineering Ltd.,0.31,2.06,1.43,0.09,2.16,1.8,0.47,0.11,2.37,4.72,1.28
Supreme Industries Ltd.,1.84,2.08,3.1,7.37,2.2,20.01,0.82,4.27,7.31,3.45,12.18
Supreme Petrochem Ltd.,2.33,0.4,1.64,2.45,38.65,2.33,0.24,0.07,2.48,1.85,3.16
Surana Solar Ltd.,0.11,0.01,2.55,0.92,0.51,0.11,0,0.02,0.09,1.61,0.26
Surya Roshni Ltd.,0.41,2.12,15.25,12.23,5.28,16.34,2.43,2.74,3.41,10.15,36.58
Suryalakshmi Cotton Mills Ltd.,0.09,0.01,1.23,0.14,6.08,0.7,0.01,0,0.19,0.3,0.94
Suven Pharmaceuticals Ltd.,,,,,,,,,4.05,7.46,2.63
Suzlon Energy Ltd.,883.16,28.39,112.13,253.24,104.73,48.79,30.88,7.35,17.46,15.91,382.11
Swan Energy Ltd.,13.3,26.08,16.74,16.86,90.64,9.42,12.9,4.15,5.96,1.93,10.03
Swaraj Engines Ltd.,0.11,0.36,8.45,0.6,0.5,5.67,0.84,0.19,1.14,3.8,1.26
Swelect Energy Systems Ltd.,0.58,0.61,0.89,0.96,0.63,0.65,0.24,0.04,0.23,1.31,0.32
Symphony Ltd.,0.62,2.37,8.5,18.19,3.39,7.8,1.68,0.73,1.74,2.04,3.92
Syngene International Ltd.,,,,9.27,10.43,17.54,0.85,1.34,14.52,11.17,25.93
T C I Express Ltd.,,,,,2.42,1.1,0.09,2.57,0.32,2.69,7.09
T T K Prestige Ltd.,20.59,2.81,3,1.23,11.05,6.33,0.91,0.57,2.2,1.81,10.62
T V S Motor Co. Ltd.,3.24,49.73,82.04,175.03,19.69,114.95,35.82,16.77,653.06,44.04,16.81
Talbros Automotive Components Ltd.,0.01,0.01,3.03,0.32,0.28,5.6,0.16,0.03,0.07,9.24,1.51
Tamil Nadu Newsprint & Papers Ltd.,0.71,0.13,1.22,5.34,2.89,6.91,2.61,0.59,0.59,1.34,2.52
Tamilnad Mercantile Bank Ltd.,,,,,,,,,,,3.03
Tamilnadu Petroproducts Ltd.,0.13,0.03,0.3,4.53,0.55,2.12,0.56,0.16,0.59,4.22,0.97
Tanla Platforms Ltd.,0.12,0.16,2.35,11.95,14.48,6.26,2.88,1.48,8.89,45.96,9.66
Tantia Constructions Ltd.,1.01,0.07,0.12,0,0.32,0.09,0,0,0,0.09,0.01
Tarmat Ltd.,0.01,0,0.01,0.01,0.07,1.04,0.08,0,0.01,0.3,0.01
Tasty Bite Eatables Ltd.,0.05,0.03,0.29,4.74,5.89,0.8,19.72,0.88,0.3,0.53,0.6
Tata Chemicals Ltd.,15.51,48.57,86.58,16.66,24.29,15.22,6.71,12.13,169.82,73.91,15.22
Tata Coffee Ltd.,24.42,9.73,30.51,13.68,5.48,16.9,2.51,6.03,12.14,32.38,3.38
Tata Communications Ltd.,4.56,8.26,16.52,23,57.99,21.71,26.86,0.76,17.19,21.76,32.38
Tata Consultancy Services Ltd.,121.72,284.45,377.04,87.9,500.92,470.1,292.16,244.79,302.71,525.37,267.13
Tata Consumer Products Ltd.,142.81,52.63,98.64,25.37,25.76,120.76,24.53,152.21,85.49,84.58,13.22
Tata Elxsi Ltd.,0.5,217.45,59.47,425.54,95.25,47.96,40.71,22.34,262.08,564.5,49.36
Tata Investment Corpn. Ltd.,1.12,0.13,5.5,0.64,1.12,5.79,3.97,4.4,0.84,2.09,3.71
Tata Metaliks Ltd.,0.38,0.19,5.74,2.02,35.95,31.73,1.93,0.34,55.63,16.54,8.91
Tata Motors Ltd.,167.91,223.63,228.11,224.8,150.23,138.86,170.59,556.71,2729.49,1108.48,381.03
Tata Power Co. Ltd.,38.98,20.79,62.12,22.54,55.67,35.69,104.85,19.64,201.14,716.32,486.79
Tata Steel Ltd.,154.55,200.76,225.48,214.88,236.32,706.14,274.87,195.59,763.1,259.2,276.78
Tata Teleservices (Maharashtra) Ltd.,2.06,2.63,3.96,1.11,3.24,1.73,0.49,0.19,25.94,11.75,40.94
Teamlease Services Ltd.,,,,,0.19,0.46,0.66,1.44,2.43,10.55,1.94
Tech Mahindra Ltd.,32.64,112.97,199.86,137.72,334.82,371.38,54.63,62.89,122.69,202.78,186.28
Technocraft Industries (India) Ltd.,0.06,0.18,2.35,0.8,5.24,1.74,1.01,0.04,0.16,0.05,0.06
Tejas Networks Ltd.,,,,,,6.93,2.43,0.19,9.97,8.02,37.34
Thangamayil Jewellery Ltd.,0.65,0,0.08,0.12,0.09,1.62,0.02,0.04,1.49,1.46,0.45
Themis Medicare Ltd.,0.36,0.01,0.04,1.03,0.18,0.39,0.27,0.03,2.37,1.19,0.75
Thermax Ltd.,2.58,1.35,4.71,1.02,1.86,38.82,0.43,1.06,4.53,79.86,5.56
Thirumalai Chemicals Ltd.,3.68,0.2,0.53,0.52,12.13,28.82,15.51,1.99,5.9,58.84,21.8
Thomas Scott (India) Ltd.,0,0,0,0,0,0.14,0,0,0,0.01,0
Thyrocare Technologies Ltd.,,,,,4.67,0.72,0.52,0.4,4.72,14.07,5.41
Tide Water Oil Co. (India) Ltd.,3.19,7.55,5.94,50.94,1.11,1.75,0.61,0.56,0.76,13.41,2.27
Tilaknagar Industries Ltd.,8.34,2.81,5.3,2.85,0.26,0.55,0.46,0.2,12.53,0.99,2.98
Time Technoplast Ltd.,0.24,0.03,3.76,1.58,3.95,7.82,0.5,0.6,2.04,21.87,2.76
Times Guaranty Ltd.,0.18,0.01,0.01,0,0.13,0.07,0,0.01,0.01,0.1,0.04
Timken India Ltd.,1.74,1.28,13.33,1.53,4.22,2.9,1.14,3.09,1.12,22.33,3.34
Titan Company Ltd.,121.09,30.72,36,59.3,12.43,100.37,151.17,66.75,96.63,115.9,35.42
Torrent Pharmaceuticals Ltd.,2.4,12.56,23.41,13.79,12.47,3.79,49.23,4.8,22.19,127.28,10.72
Torrent Power Ltd.,4.67,4.83,20.37,95.94,20.3,27.58,8.77,40.2,10.86,15.73,7.44
Trent Ltd.,1.57,1.33,2.61,1.14,11.07,6.76,1.76,3.45,25.17,20.45,72.53
Tribhovandas Bhimji Zaveri Ltd.,4.8,7.14,12.28,5.05,3.72,6.5,0.27,0.16,11.7,0.77,0.41
Trident Ltd.,0.06,0.77,1.32,12.88,22.68,10.34,4.11,3.27,62.77,96.95,161.96
Trigyn Technologies Ltd.,0.02,0.13,0.41,2.6,1.89,8.1,0.35,0.32,1.15,3.59,0.3
Triveni Turbine Ltd.,1.27,0.22,1.82,0.94,1.19,1.92,0.32,0.02,0.23,16.57,13.39
Tv18 Broadcast Ltd.,27.58,10.43,40.49,33.32,9.04,125.56,17.04,3.25,9.47,79.72,6.4
U P L Ltd.,43.58,27.9,49.95,94.81,31.19,82.87,91.02,58.64,226.16,169.37,44.89
U T I Asset Mgmt. Co. Ltd.,,,,,,,,,5.98,33.15,4.55
Uco Bank,19.43,34.25,34.71,11.83,4.82,2.21,0.51,0.68,3.52,22.28,115.83
Uflex Ltd.,1.81,0.61,7.39,3.89,5.05,28.33,2.21,3.76,2.92,2.66,1.1
Ujjivan Financial Services Ltd.,,,,,41.04,27.32,65.57,62.99,31.92,4.22,12.62
Ultratech Cement Ltd.,7.38,4.27,25.51,37.56,52.06,20.18,64.78,33.1,130.88,33.31,55.66
Union Bank Of India,278.8,121.28,157.85,77.53,58.49,59.26,50.3,5.31,15.49,65.09,143.64
Uniphos Enterprises Ltd.,0.02,0,0.03,0.16,0.44,1.26,0.14,0.05,0.75,0.61,0.47
United Breweries Ltd.,58.66,64.72,18.6,5.68,5.36,12.58,30.89,9.26,40.87,59.2,3.05
United Spirits Ltd.,274.34,9667.22,218.72,88.68,55.92,107.59,40.77,49.44,86.26,49.47,10.8
Universal Cables Ltd.,0.02,0.04,0.09,8.31,3.37,0.81,4.06,0.49,0.09,0.63,2.97
Uno Minda Ltd.,0.05,0,0.53,0.48,1.74,10.46,1.91,1.92,8.45,32.38,10.12
Urja Global Ltd.,3.64,0.04,1.15,1.84,0.63,62.48,4.91,0.26,11.35,6.06,5.07
Usha Martin Ltd.,2.33,2.3,0.53,0.53,2.79,4.22,0.71,0.4,1.09,5.65,51.78
Uttam Sugar Mills Ltd.,0.06,0.01,0.01,0.12,1.25,1,0.39,0.36,0.24,2.27,3.52
V I P Industries Ltd.,2.37,13.99,32.9,11.84,2.71,17.9,9.66,8.87,9.88,15.03,3.94
V S T Industries Ltd.,4.23,0.21,1.17,0.1,0.48,1.15,0.1,0.49,2.84,1.28,1.11
V-Guard Industries Ltd.,1.74,0.33,4.34,0.49,62.85,19.43,63.37,14.12,20.38,4.11,1.12
V-Mart Retail Ltd.,,0.51,0.48,0.61,52.54,4.72,0.91,0.49,0.32,1.37,9.23
Vadilal Industries Ltd.,2.42,3.13,0.83,0.68,0.91,1.97,0.71,2.28,0.93,0.61,4.2
Vaibhav Global Ltd.,0.18,54.15,14.46,0.65,0.12,6.67,18.04,2.09,3.4,6.51,8.64
Vardhman Holdings Ltd.,0.04,0.33,0.01,0.05,0.47,0.57,0.22,0.08,0.11,0.42,0.08
Vardhman Special Steels Ltd.,0.03,0,0.02,0.09,1.71,0.12,0,0.35,0.07,1.46,4.24
Vardhman Textiles Ltd.,1.43,0.82,2.16,9.23,191.42,0.83,0.24,0.4,1.03,15.95,6.11
Varroc Engineering Ltd.,,,,,,,0.64,1.92,1.29,210.15,0.46
Varun Beverages Ltd.,,,,,1.57,4.14,0.99,8.38,15.25,11.95,74.16
Vascon Engineers Ltd.,0.25,0.04,0,6.83,2.35,16.73,0.29,3.74,0.07,2.33,4.86
Vaswani Industries Ltd.,0,0.03,0,0.02,0.02,0.04,0.01,0,0.12,2.62,0.68
Vedant Fashions Ltd.,,,,,,,,,,,16.38
Vedanta Ltd.,38.99,79.88,115.55,366.08,163.59,327.9,87.11,63.17,84.59,292.58,207.84
Venus Remedies Ltd.,0.91,1.18,28.81,1.56,2.49,1.81,0.12,0.02,0.48,5.59,0.95
Vesuvius India Ltd.,0.15,0.01,0.54,0.49,0.05,0.42,0.04,0.14,0.18,0.33,0.24
Vidhi Specialty Food Ingredients Ltd.,0,0,1.45,7.73,2.93,2.44,0.86,0.19,1.05,1.2,0.18
Viji Finance Ltd.,,,2.12,0.28,0.22,0.15,0.05,0.01,0,0.06,0.06
Vikas Ecotech Ltd.,0.45,0.7,0.21,3.96,6.15,95.81,0.34,0.06,2.94,25.71,7.08
Vimta Labs Ltd.,0.07,0.5,0.89,3.16,2.45,8.9,0.34,6.56,0.22,0.78,3.47
Vinati Organics Ltd.,3.7,0.55,5.48,1.46,3.38,1.15,8.56,31.82,8.33,2.69,4.79
Vindhya Telelinks Ltd.,0.01,0.23,0.1,1.18,5.89,4.64,2.64,0.06,1.34,1.18,4.85
Visaka Industries Ltd.,0.1,0.02,0.49,0.12,0.64,42.1,1.71,0.58,3.96,3.29,0.4
Vishal Fabrics Ltd.,,,0.34,1.27,5.33,0.56,9.98,1.16,1.11,4.93,0.31
Vishnu Chemicals Ltd.,0.04,0.12,3.09,1.04,2.99,0.26,0.01,0.06,0.1,8.37,0.58
Vodafone Idea Ltd.,163.87,259.5,35.67,48.97,2750.29,178.25,26.48,93.84,810.51,346.65,155.46
Voltamp Transformers Ltd.,0.18,0.19,3.25,0.48,0.98,0.51,0.64,0.16,0.13,1.53,2.01
Voltas Ltd.,25.51,55.07,33.34,13.95,22.97,37.73,25.53,10.01,73.2,21.94,22.53
W S Industries (India) Ltd.,0,0,0.03,0,0.01,0.09,0,0.01,0.02,0.03,0.04
Weizmann Ltd.,0,21.17,0.03,0.13,0.03,0.04,0.05,0.05,0.06,0.21,0.09
Welspun Corp Ltd.,192.68,3.06,4.51,7.19,2.62,28.13,4.7,8.74,12.92,17.55,9.39
Welspun Enterprises Ltd.,0.02,0.01,0.21,1.3,1.14,12.45,2.49,1.12,1.47,2.19,5.52
Welspun India Ltd.,4.87,0.91,33.34,14.36,21.26,19.38,6.04,2.28,3.95,23.87,3.71
Wendt (India) Ltd.,0.04,0.03,0.74,0.38,0.02,0.54,0.25,0.11,0.27,0.37,0.55
West Coast Paper Mills Ltd.,3.45,0.95,4.74,0.95,2.79,7.63,5.38,1.23,0.97,1.79,12.68
Westlife Foodworld Ltd.,0,47.18,0.7,1.32,1.79,28.7,2.71,3.06,5.29,2.07,13.15
Wheels India Ltd.,0.48,1.29,0.62,0.05,0.05,0.99,0.28,0.18,0.37,0.43,0.82
Whirlpool Of India Ltd.,1.66,0.34,107.12,2.45,8.45,1.48,2,7.01,9.26,9.9,19.6
Wipro Ltd.,23.68,36.94,57.11,51.19,61.03,64.35,64.85,42.21,193.52,465.38,92.74
Wonderla Holidays Ltd.,,,8.72,1.37,1.08,3.73,0.06,0.1,1.18,2.03,0.35
Xchanging Solutions Ltd.,0.08,0.01,0.33,0.2,0.46,0.47,0.55,0.44,0.28,5.39,0.53
Xpro India Ltd.,0.08,0.03,0,0.54,1.67,0.09,0.09,0,0.21,1.9,1.94
Yes Bank Ltd.,81.64,231.4,238.45,1410.55,215.7,207.99,1020.53,272.8,237.8,196.01,341
Z F Commercial Vehicle Control Systems India Ltd.,0.41,0,7.9,47.09,17.9,4.89,0.07,1.08,0.81,1.37,2.35
Zee Entertainment Enterprises Ltd.,669.3,41.31,37.56,29.08,65.79,28.6,507.15,59.02,92.03,164.57,58.96
Zee Learn Ltd.,2.9,0.15,5.81,0.24,2.21,3.25,0.92,0.22,0.96,7.08,0.39
Zen Technologies Ltd.,0.05,0.03,7.19,3.04,2.94,2.82,0.26,0.02,1.18,21.89,11.18
Zenith Exports Ltd.,0,0.04,0.01,0,0,0.1,0.01,0,0,0.04,0.27
Zensar Technologies Ltd.,0.48,7.84,5.28,8.92,2.17,4.13,0.55,0.52,1.24,19.79,26.82
Zomato Ltd.,,,,,,,,,,156.9,276.84
Zydus Lifesciences Ltd.,2.09,4.77,7.09,32.33,168.96,30.87,13.33,6.06,44.43,75.6,4.02
Zydus Wellness Ltd.,1.46,1.06,2.36,0.54,0.86,0.23,0.8,2.34,3.11,1.03,1.68
