,name,ticker,industry,NIFTY closing,Date,Market Capitalisation,EPS,P/E,P/B,Beta
0,Avenue Supermarts Ltd.,DMART,Retail,17359.75,31-03-2023,2204778.2,37.32,91.13,13.36,1.03
1,Canara Bank,CANBK,Banks,17359.75,31-03-2023,516029.35,56.59,5.03,0.78,1.69
2,Cummins India Ltd.,CUMMINSIND,Capital Goods-Non Electrical Equipment,17359.75,31-03-2023,451725.12,40.66,40.08,8.42,1.08
3,Cupid Ltd.,CUPID,Miscellaneous,17359.75,31-03-2023,3375.18,23.38,10.82,2.02,1.23
4,Cybertech Systems & Software Ltd.,CYBERTECH,IT - Software,17359.75,31-03-2023,2835.92,5.58,17.84,2.18,1.35
5,Cyient Ltd.,CYIENT,IT - Software,17359.75,31-03-2023,110049.77,30.89,32.22,4.07,0.88
6,D B Realty Ltd.,DBREALTY,Realty,17359.75,31-03-2023,22713.98,1.0,64.4,0.78,1.74
7,D-Link (India) Ltd.,DLINKINDIA,IT - Hardware,17359.75,31-03-2023,8281.51,23.8,9.8,2.3,1.52
8,Dabur India Ltd.,DABUR,FMCG,17359.75,31-03-2023,965433.91,7.72,70.6,15.36,0.59
9,Datamatics Global Services Ltd.,DATAMATICS,IT - Software,17359.75,31-03-2023,16753.4,17.49,16.24,2.18,1.65
10,De Nora India Ltd.,DENORA,Capital Goods-Non Electrical Equipment,17359.75,31-03-2023,4521.1,36.26,23.49,4.45,1.2
11,Deccan Cements Ltd.,DECCANCE,Cement,17359.75,31-03-2023,5825.72,34.98,11.89,0.85,1.13
12,Deepak Nitrite Ltd.,DEEPAKNTR,Chemicals,17359.75,31-03-2023,251317.82,34.16,53.93,9.57,1.24
13,Delta Corp Ltd.,DELTACORP,Entertainment,17359.75,31-03-2023,48354.52,8.28,21.83,2.23,1.64
14,Den Networks Ltd.,DEN,Entertainment,17359.75,31-03-2023,12789.6,2.76,9.73,0.37,1.16
15,Dev Information Technology Ltd.,DEVIT,IT - Software,17359.75,31-03-2023,2072.5,3.9,24.04,4.92,1.06
16,Dhampur Sugar Mills Ltd.,DHAMPURSUG,Sugar,17359.75,31-03-2023,14840.95,21.69,10.31,1.43,1.35
17,Dhanlaxmi Bank Ltd.,DHANBANK,Banks,17359.75,31-03-2023,3656.02,1.25,11.57,0.45,1.43
18,Dhanuka Agritech Ltd.,DHANUKA,Agro Chemicals,17359.75,31-03-2023,27866.59,45.5,13.44,2.63,0.97
19,Dhunseri Investments Ltd.,DHUNINV,Finance,17359.75,31-03-2023,3654.65,11.79,50.83,1.04,1.11
20,Dhunseri Ventures Ltd.,DVL,Petrochemicals,17359.75,31-03-2023,7637.15,34.45,6.33,0.53,1.18
21,Dixon Technologies (India) Ltd.,DIXON,Consumer Durables,17359.75,31-03-2023,170419.5,35.46,80.69,15.19,1.16
22,Dollar Industries Ltd.,DOLLAR,Textiles,17359.75,31-03-2023,19725.87,9.05,38.45,2.75,1.33
23,Donear Industries Ltd.,DONEAR,Textiles,17359.75,31-03-2023,4191.2,6.97,11.57,2.45,1.37
24,Ducon Infratechnologies Ltd.,DUCON,IT - Software,17359.75,31-03-2023,1442.67,0.15,37.18,0.96,1.49
25,Dynacons Systems & Solutions Ltd.,DSSL,IT - Software,17359.75,31-03-2023,3973.57,26.3,11.9,3.83,1.13
26,Dynamatic Technologies Ltd.,DYNAMATECH,Capital Goods-Non Electrical Equipment,17359.75,31-03-2023,18760.68,42.92,64.36,3.66,1.29
27,Edelweiss Financial Services Ltd.,EDELWEISS,Finance,17359.75,31-03-2023,49616.28,25.32,2.08,0.68,1.49
28,Eicher Motors Ltd.,EICHERMOT,Automobile,17359.75,31-03-2023,806456.13,95.88,30.76,6.26,1.15
29,Eimco Elecon (India) Ltd.,EIMCOELECO,Capital Goods-Non Electrical Equipment,17359.75,31-03-2023,2054.7,35.28,10.1,0.59,1.15
30,Electrosteel Castings Ltd.,ELECTCAST,"Castings, Forgings & Fastners",17359.75,31-03-2023,19086.83,5.64,5.69,0.45,1.35
31,Elgi Equipments Ltd.,ELGIEQUIP,Capital Goods-Non Electrical Equipment,17359.75,31-03-2023,138853.69,8.27,52.99,11.36,1.28
32,Emami Ltd.,EMAMILTD,FMCG,17359.75,31-03-2023,158174.33,13.39,26.77,6.99,0.94
33,Emami Paper Mills Ltd.,EMAMIPAP,Paper,17359.75,31-03-2023,6775.89,11.26,9.95,1.49,1.4
34,Emkay Global Financial Services Ltd.,EMKAY,Stock/ Commodity Brokers,17359.75,31-03-2023,1574.51,4.26,15.0,1.04,1.78
35,Emkay Taps & Cutting Tools Ltd.,EMKAYTOOLS,Engineering,17359.75,31-03-2023,3137.36,41.35,7.11,1.39,0.83
36,Emmbi Industries Ltd.,EMMBI,Packaging,17359.75,31-03-2023,1373.65,4.7,16.51,0.85,1.49
37,Endurance Technologies Ltd.,ENDURANCE,Auto Ancillaries,17359.75,31-03-2023,174654.03,28.58,43.45,5.24,1.0
38,Engineers India Ltd.,ENGINERSIN,Infrastructure Developers & Operators,17359.75,31-03-2023,41844.05,5.3,14.04,1.99,1.05
39,Equitas Small Finance Bank Ltd.,EQUITAS,Finance,17359.75,31-03-2023,74518.45,3.65,18.39,1.44,1.12
40,Eris Lifesciences Ltd.,ERIS,Pharmaceuticals,17359.75,31-03-2023,77801.16,29.27,19.55,3.51,0.44
41,Esab India Ltd.,ESABINDIA,Capital Goods-Non Electrical Equipment,17359.75,31-03-2023,54381.23,85.04,41.54,20.89,1.0
42,Ester Industries Ltd.,ESTER,Packaging,17359.75,31-03-2023,7246.92,19.49,4.46,0.94,1.38
43,Excel Industries Ltd.,EXCEL,IT - Software,17359.75,31-03-2023,9994.33,60.88,13.06,1.01,1.33
44,Excel Industries Ltd.,EXCELINDUS,Chemicals,17359.75,31-03-2023,9994.33,60.88,13.06,1.01,1.33
45,Exide Industries Ltd.,EXIDEIND,Auto Ancillaries,17359.75,31-03-2023,151257.5,10.53,16.9,1.35,0.96
46,Expleo Solutions Ltd.,EXPLEOSOL,IT - Software,17359.75,31-03-2023,12598.77,117.71,10.44,2.69,1.19
47,Federal Bank Ltd.,FEDERALBNK,Banks,17359.75,31-03-2023,279973.41,13.53,9.78,1.3,1.41
48,Federal-Mogul Goetze (India) Ltd.,FMGOETZE,Auto Ancillaries,17359.75,31-03-2023,16995.62,15.91,19.2,1.87,0.9
49,Fiem Industries Ltd.,FIEMIND,Auto Ancillaries,17359.75,31-03-2023,20605.66,106.59,14.69,2.71,1.28
50,Filatex India Ltd.,FILATEX,Textiles,17359.75,31-03-2023,14198.51,2.03,15.79,1.28,1.65
51,Fineotex Chemical Ltd.,FCL,Chemicals,17359.75,31-03-2023,25815.46,4.7,49.57,9.58,1.87
52,Finolex Cables Ltd.,FINCABLES,Cables,17359.75,31-03-2023,124278.51,32.81,24.77,3.38,1.26
53,Finolex Industries Ltd.,FINPIPE,Plastic products,17359.75,31-03-2023,105853.36,3.45,49.39,2.19,1.14
54,Firstsource Solutions Ltd.,FSL,IT - Software,17359.75,31-03-2023,73532.53,3.56,29.65,3.19,1.36
55,Fortis Healthcare Ltd.,FORTIS,Healthcare,17359.75,31-03-2023,196213.62,0.54,480.44,2.19,0.62
56,Foseco India Ltd.,FOSECOIND,Chemicals,17359.75,31-03-2023,14044.46,72.79,30.21,5.55,0.86
57,Gabriel India Ltd.,GABRIEL,Auto Ancillaries,17359.75,31-03-2023,19542.76,9.16,14.86,2.25,1.4
58,Gallantt Ispat Ltd.,GALLISPAT,Steel,17359.75,31-03-2023,13427.28,5.84,9.53,0.6,1.02
59,Gandhi Special Tubes Ltd.,GANDHITUBE,Steel,17359.75,31-03-2023,5946.58,38.94,12.57,3.27,0.84
60,Ganesha Ecosphere Ltd.,GANECOS,Textiles,17359.75,31-03-2023,18431.65,33.59,25.14,2.82,1.27
61,Garden Reach Shipbuilders & Engineers Ltd.,GRSE,Ship Building,17359.75,31-03-2023,52166.98,19.05,23.91,3.69,1.04
62,Gati Ltd.,GATI,Logistics,17359.75,31-03-2023,13078.08,0.19,529.48,1.88,1.11
63,Geekay Wires Ltd.,GEEKAYWIRE,Cables,17359.75,31-03-2023,1683.82,26.22,6.14,2.44,0.22
64,Genus Power Infrastructures Ltd.,GENUSPOWER,Consumer Durables,17359.75,31-03-2023,21818.34,1.35,62.62,2.22,1.5
65,Gillette India Ltd.,GILLETTE,FMCG,17359.75,31-03-2023,140641.06,100.43,42.98,15.74,0.46
66,Glenmark Pharmaceuticals Ltd.,GLENMARK,Pharmaceuticals,17359.75,31-03-2023,131123.54,60.41,7.69,0.73,0.96
67,Globe International Carriers Ltd.,GLOBE,Textiles,17080.7,29-03-2023,813.99,0.74,55.0,3.03,-0.12
68,Globus Spirits Ltd.,GLOBUSSPR,Alcoholic Beverages,17359.75,31-03-2023,22368.21,41.78,18.59,2.52,1.26
69,Godfrey Phillips India Ltd.,GFLLIMITED,Finance,17359.75,31-03-2023,94615.94,117.01,15.55,2.97,0.96
70,Godfrey Phillips India Ltd.,GODFRYPHLP,Tobacco Products,17359.75,31-03-2023,94615.94,117.01,15.55,2.97,0.96
71,Godrej Agrovet Ltd.,GODREJAGRO,Miscellaneous,17359.75,31-03-2023,79304.8,11.84,34.85,3.81,0.84
72,Godrej Consumer Products Ltd.,GODREJCP,FMCG,17359.75,31-03-2023,990122.47,15.07,64.24,10.57,0.77
73,Godrej Industries Ltd.,GODREJIND,Chemicals,17359.75,31-03-2023,135951.36,6.91,58.46,7.92,0.95
74,Godrej Properties Ltd.,GODREJPROP,Realty,17359.75,31-03-2023,286654.01,23.73,43.45,2.88,1.3
75,Gokaldas Exports Ltd.,GOKEX,Readymade Garments/ Apparells,17359.75,31-03-2023,21565.77,27.75,12.83,2.42,1.21
76,Goldiam International Ltd.,GOLDIAM,"Diamond, Gems and Jewellery",17359.75,31-03-2023,14003.24,5.22,24.62,5.21,1.25
77,Granules India Ltd.,GRANULES,Pharmaceuticals,17359.75,31-03-2023,70361.83,20.54,14.15,2.61,0.98
78,Gravita India Ltd.,GRAVITA,Non Ferrous Metals,17359.75,31-03-2023,33459.23,15.08,32.14,10.85,1.32
79,Greaves Cotton Ltd.,GREAVESCOT,Capital Goods-Non Electrical Equipment,17359.75,31-03-2023,29199.3,4.42,28.53,2.79,1.41
80,Greenpanel Industries Ltd.,GREENPANEL,Miscellaneous,17359.75,31-03-2023,33360.78,18.33,14.84,2.78,1.23
81,Greenply Industries Ltd.,GREENPLY,Miscellaneous,17359.75,31-03-2023,17073.68,6.43,21.63,2.72,1.34
82,Grindwell Norton Ltd.,GRINDWELL,Capital Goods-Non Electrical Equipment,17359.75,31-03-2023,207976.45,31.55,59.54,11.65,0.74
83,Gufic Biosciences Ltd.,GUFICBIO,Pharmaceuticals,17359.75,31-03-2023,18070.46,8.22,22.67,5.2,1.23
84,Gujarat Alkalies & Chemicals Ltd.,GUJALKALI,Chemicals,17359.75,31-03-2023,42971.62,78.39,7.46,0.67,1.37
85,Gujarat Ambuja Exports Ltd.,GAEL,Edible Oil,17359.75,31-03-2023,53286.06,14.4,16.14,2.18,1.14
86,Gujarat Gas Ltd.,GUJGASLTD,Miscellaneous,17359.75,31-03-2023,316384.1,22.16,20.74,4.53,0.79
87,Gujarat Narmada Valley Fertilizers & Chemicals Ltd.,GNFC,Fertilizers,17359.75,31-03-2023,79162.56,91.3,5.58,0.88,1.35
88,Gujarat Pipavav Port Ltd.,GPPL,Marine Port & Services,17359.75,31-03-2023,56296.58,6.81,17.09,2.71,0.75
89,Gujarat State Fertilizers & Chemicals Ltd.,GSFC,Fertilizers,17359.75,31-03-2023,47418.83,31.78,3.74,0.4,1.45
90,Gujarat State Petronet Ltd.,GSPL,Gas Distribution,17359.75,31-03-2023,149516.01,16.75,15.82,1.61,0.85
91,Gulf Oil Lubricants India Ltd.,GULFOILLUB,Chemicals,17359.75,31-03-2023,19824.96,47.03,8.6,1.68,0.66
92,Gulshan Polyols Ltd.,GULPOLY,Chemicals,17359.75,31-03-2023,10514.64,8.73,23.18,1.83,1.36
93,Harrisons Malayalam Ltd.,HARRMALAYA,Plantation & Plantation Products,17359.75,31-03-2023,1978.42,9.63,11.13,1.27,1.14
94,Hathway Cable & Datacom Ltd.,HATHWAY,Entertainment,17359.75,31-03-2023,22922.85,0.43,29.92,0.51,1.0
95,Havells India Ltd.,HAVELLS,Capital Goods - Electrical Equipment,17359.75,31-03-2023,744606.82,17.21,69.07,11.26,1.11
96,Heidelberg Cement India Ltd.,HEIDELBERG,Cement,17359.75,31-03-2023,36473.38,4.38,36.78,2.5,1.03
97,Hercules Hoists Ltd.,HERCULES,Capital Goods-Non Electrical Equipment,17359.75,31-03-2023,5708.8,5.34,33.42,0.8,1.34
98,Hester Biosciences Ltd.,HESTERBIO,Pharmaceuticals,17359.75,31-03-2023,12954.25,37.99,40.08,4.43,0.72
99,Hi-Tech Pipes Ltd.,HITECH,Steel,17359.75,31-03-2023,10205.71,2.77,28.81,3.64,1.53
100,Hi-Tech Pipes Ltd.,HITECHCORP,Packaging,17359.75,31-03-2023,10205.71,2.77,28.81,3.64,1.53
101,Hindalco Industries Ltd.,HINDALCO,Non Ferrous Metals,17359.75,31-03-2023,910900.33,14.22,28.51,1.56,1.59
102,Hindustan Aeronautics Ltd.,HAL,Capital Goods-Non Electrical Equipment,17359.75,31-03-2023,913245.7,129.99,21.01,3.89,0.9
103,Hindustan Copper Ltd.,HINDCOPPER,Non Ferrous Metals,17359.75,31-03-2023,95106.81,3.05,32.21,4.54,1.65
104,Hindustan Unilever Ltd.,HINDUNILVR,FMCG,17359.75,31-03-2023,6015775.99,41.42,61.81,11.98,0.48
105,Hindustan Zinc Ltd.,HINDZINC,Non Ferrous Metals,17359.75,31-03-2023,1239497.33,24.76,11.85,9.58,0.83
106,Honeywell Automation India Ltd.,HONAUT,Consumer Durables,17359.75,31-03-2023,321700.58,442.67,82.19,10.09,0.92
107,Ice Make Refrigeration Ltd.,ICEMAKE,Engineering,17359.75,31-03-2023,4137.45,13.4,19.57,4.88,0.95
108,Ind-Swift Laboratories Ltd.,INDSWFTLAB,Pharmaceuticals,17359.75,31-03-2023,3261.59,11.74,4.7,0.68,0.66
109,Indbank Merchant Banking Services Ltd.,INDBANK,Stock/ Commodity Brokers,17359.75,31-03-2023,936.38,0.1,208.08,1.26,1.64
110,India Glycols Ltd.,INDIAGLYCO,Chemicals,17359.75,31-03-2023,19028.94,28.25,21.75,1.2,1.44
111,India Nippon Electricals Ltd.,INDNIPPON,Auto Ancillaries,17359.75,31-03-2023,7474.12,27.98,11.81,1.33,1.29
112,Indian Bank,INDIANB,Banks,17359.75,31-03-2023,359372.04,24.93,11.58,0.86,1.68
113,Indian Energy Exchange Ltd.,IEX,Miscellaneous,17359.75,31-03-2023,114092.09,3.28,39.01,14.54,0.92
114,Indian Metals & Ferro Alloys Ltd.,IMFA,Mining & Mineral products,17359.75,31-03-2023,15374.22,49.2,5.79,0.83,1.4
115,Indian Overseas Bank,IOB,Banks,17359.75,31-03-2023,424359.16,0.86,26.16,1.89,1.18
116,Indian Terrain Fashions Ltd.,INDTERRAIN,Textiles,17359.75,31-03-2023,1997.55,1.41,32.06,0.94,1.38
117,Indo Tech Transformers Ltd.,INDOTECH,Capital Goods - Electrical Equipment,17359.75,31-03-2023,1826.11,24.2,7.11,1.07,1.16
118,Indoco Remedies Ltd.,INDOCO,Pharmaceuticals,17359.75,31-03-2023,29971.9,15.34,21.2,2.92,1.03
119,Indraprastha Gas Ltd.,IGL,Gas Distribution,17359.75,31-03-2023,300090.34,20.73,20.68,4.23,0.82
120,Industrial Investment Trust Ltd.,IITL,Finance,17359.75,31-03-2023,1904.14,1.22,69.49,0.54,1.18
121,Infibeam Avenues Ltd.,INFIBEAM,IT - Software,17359.75,31-03-2023,37890.6,0.51,27.97,1.31,1.34
122,Info Edge (India) Ltd.,NAUKRI,E-Commerce/App based Aggregator,17359.75,31-03-2023,481023.53,54.25,68.64,4.4,1.1
123,Infosys Ltd.,INFY,IT - Software,17359.75,31-03-2023,5923936.31,55.81,25.59,8.74,0.65
124,Innovana Thinklabs Ltd.,INNOVANA,IT - Software,17359.75,31-03-2023,6375.5,8.56,36.35,8.69,0.51
125,Insecticides (India) Ltd.,INSECTICID,Agro Chemicals,17359.75,31-03-2023,13820.71,21.28,21.94,1.51,0.99
126,Inspirisys Solutions Ltd.,INSPIRISYS,IT - Software,17359.75,31-03-2023,1751.07,4.08,10.84,1.95,1.31
127,Intellect Design Arena Ltd.,INTELLECT,IT - Software,17359.75,31-03-2023,55727.69,9.87,41.61,3.61,1.72
128,Intellect Design Arena Ltd.,INTENTECH,IT - Software,17359.75,31-03-2023,55727.69,9.87,41.61,3.61,1.72
129,Intrasoft Technologies Ltd.,ISFT,IT - Software,17359.75,31-03-2023,1448.12,0.7,140.59,1.27,1.05
130,Inventure Growth & Securities Ltd.,INVENTURE,Finance,17359.75,31-03-2023,1386.0,0.05,35.36,0.82,1.16
131,Jagran Prakashan Ltd.,JAGRAN,Media - Print/Television/Radio,17359.75,31-03-2023,15790.82,9.42,7.7,1.17,0.76
132,Jagsonpal Pharmaceuticals Ltd.,JAGSNPHARM,Pharmaceuticals,17359.75,31-03-2023,7592.18,10.82,26.78,4.78,1.42
133,Jai Corp Ltd.,JAICORPLTD,Plastic products,17359.75,31-03-2023,24724.17,0.15,954.6,2.23,1.96
134,Jain Irrigation Systems Ltd.,JISLJALEQS,Plastic products,17359.75,31-03-2023,20709.08,0.57,59.89,0.46,1.74
135,Jaiprakash Power Ventures Ltd.,JPPOWER,Power Generation & Distribution,17359.75,31-03-2023,38036.7,0.2,27.97,0.55,1.6
136,Jammu & Kashmir Bank Ltd.,J&KBANK,Banks,17359.75,31-03-2023,50594.09,11.17,4.39,0.58,1.51
137,Jash Engineering Ltd.,JASH,Capital Goods-Non Electrical Equipment,17359.75,31-03-2023,10099.75,33.92,24.75,4.28,1.13
138,Jay Bharat Maruti Ltd.,JAYBARMARU,Auto Ancillaries,17359.75,31-03-2023,5756.73,8.67,15.34,1.14,1.73
139,Jayant Agro-Organics Ltd.,JAYAGROGN,Chemicals,17359.75,31-03-2023,4402.5,13.97,10.5,1.05,1.43
140,Jet Freight Logistics Ltd.,JETFREIGHT,Air Transport Service,17359.75,31-03-2023,547.56,0.03,456.3,0.88,0.57
141,Jet Knitwears Ltd.,JETKNIT,Textiles,16951.7,28-03-2023,283.38,2.38,26.99,1.33,0.63
142,Jindal Photo Ltd.,JINDALPHOT,Finance,17359.75,31-03-2023,2800.52,152.41,1.79,1.61,1.54
143,Jindal Poly Films Ltd.,JINDALPOLY,Packaging,17359.75,31-03-2023,21930.42,145.37,3.45,0.4,1.25
144,Jindal Stainless Ltd.,JSL,Steel,17359.75,31-03-2023,238631.34,24.28,11.93,2.08,1.44
145,Jindal Steel & Power Ltd.,JINDALSTEL,Steel,17359.75,31-03-2023,557172.12,54.08,10.1,1.37,2.03
146,Jindal Worldwide Ltd.,JINDWORLD,Textiles,17359.75,31-03-2023,64316.92,5.68,56.46,9.94,1.05
147,Jubilant Foodworks Ltd.,JUBLFOOD,Quick Service Restaurant,17359.75,31-03-2023,290397.87,6.07,72.55,13.54,0.93
148,Jubilant Industries Ltd.,JUBLINDS,Chemicals,17359.75,31-03-2023,5846.79,6.21,62.53,1.92,1.23
149,Jullundur Motor Agency (Delhi) Ltd.,JMA,Auto Ancillaries,17359.75,31-03-2023,1373.89,9.97,6.03,0.77,1.1
150,Just Dial Ltd.,JUSTDIAL,E-Commerce/App based Aggregator,17359.75,31-03-2023,50187.62,19.3,30.84,1.37,1.23
151,Jyothy Labs Ltd.,JYOTHYLAB,FMCG,17359.75,31-03-2023,69953.25,5.58,34.13,7.94,0.78
152,Kabra Extrusion Technik Ltd.,KABRAEXTRU,Capital Goods-Non Electrical Equipment,17359.75,31-03-2023,16266.49,11.29,42.89,4.23,1.28
153,Kajaria Ceramics Ltd.,KAJARIACER,Ceramic Products,17359.75,31-03-2023,167878.88,21.69,48.6,7.24,1.04
154,Kalyani Forge Ltd.,KALYANIFRG,"Castings, Forgings & Fastners",17359.75,31-03-2023,810.91,1.87,119.25,0.77,0.99
155,Kalyani Steels Ltd.,KSL,Steel,17359.75,31-03-2023,12868.92,37.98,7.76,0.86,1.58
156,Kamat Hotels (India) Ltd.,KAMATHOTEL,Hotels & Restaurants,17359.75,31-03-2023,3241.85,25.47,5.16,1.4,1.87
157,Kamdhenu Ltd.,KAMDHENU,Steel,17359.75,31-03-2023,8434.85,15.17,20.64,5.06,1.63
158,Kanani Industries Ltd.,KANANIIND,"Diamond, Gems and Jewellery",17359.75,31-03-2023,593.6,0.05,114.15,1.33,0.98
159,Kansai Nerolac Paints Ltd.,KANSAINER,Paints/Varnish,17359.75,31-03-2023,208454.15,8.88,43.54,4.52,0.95
160,Karma Energy Ltd.,KARMAENG,Power Generation & Distribution,17359.75,31-03-2023,397.43,1.26,27.22,1.03,0.97
161,Karur Vysya Bank Ltd.,KARURVYSYA,Banks,17359.75,31-03-2023,83734.38,12.91,8.09,0.98,1.61
162,Kellton Tech Solutions Ltd.,KELLTONTEC,IT - Software,17359.75,31-03-2023,4252.18,0.97,45.33,2.82,1.51
163,Kennametal India Ltd.,KENNAMET,Capital Goods-Non Electrical Equipment,17359.75,31-03-2023,47729.04,43.86,49.51,6.79,0.88
164,Kesoram Industries Ltd.,KESORAMIND,Cement,17359.75,31-03-2023,18204.89,0.39,150.95,3.08,1.63
165,Kewal Kiran Clothing Ltd.,KKCL,Readymade Garments/ Apparells,17359.75,31-03-2023,25753.16,19.36,21.59,4.7,0.95
166,Keynote Financial Services Ltd.,KEYFINSERV,Finance,17359.75,31-03-2023,577.96,0.73,113.33,0.94,0.82
167,Khadim India Ltd.,KHADIM,Leather,17359.75,31-03-2023,3314.5,5.74,32.15,1.47,1.65
168,Khaitan (India) Ltd.,KHAITANLTD,Trading,17359.75,31-03-2023,202.35,1.43,29.76,1.11,0.98
169,Khandwala Securities Ltd.,KHANDSE,Finance,17359.75,31-03-2023,344.74,0.29,78.35,1.03,0.44
170,Kilitch Drugs (India) Ltd.,KILITCH,Pharmaceuticals,17359.75,31-03-2023,2169.06,9.29,14.98,1.13,0.98
171,Kingfa Science & Technology (India) Ltd.,KINGFA,Plastic products,17359.75,31-03-2023,15962.19,67.11,19.64,3.43,1.25
172,Kirloskar Brothers Ltd.,KIRLOSBROS,Capital Goods-Non Electrical Equipment,17359.75,31-03-2023,32577.51,21.12,19.43,2.6,1.32
173,Kirloskar Industries Ltd.,KIRLOSIND,Finance,17359.75,31-03-2023,24036.66,73.59,33.04,1.1,1.06
174,Kirloskar Oil Engines Ltd.,KIRLOSENG,Capital Goods-Non Electrical Equipment,17359.75,31-03-2023,57332.95,17.97,22.05,2.46,1.24
175,Kitex Garments Ltd.,KITEX,Readymade Garments/ Apparells,17359.75,31-03-2023,9120.48,8.94,15.35,1.01,1.43
176,Kokuyo Camlin Ltd.,KOKUYOCMLN,Printing & Stationery,17359.75,31-03-2023,6865.8,2.25,30.41,2.61,1.39
177,Kopran Ltd.,KOPRAN,Pharmaceuticals,17359.75,31-03-2023,5327.27,6.47,17.07,1.35,1.24
178,Kotak Mahindra Bank Ltd.,KOTAKBANK,Banks,17359.75,31-03-2023,3442404.57,52.58,32.96,4.15,0.86
179,Kothari Petrochemicals Ltd.,KOTHARIPET,Petrochemicals,17359.75,31-03-2023,3321.88,6.48,8.71,1.73,1.33
180,Kothari Products Ltd.,KOTHARIPRO,Trading,17359.75,31-03-2023,3405.18,1.11,103.19,0.36,1.68
181,Kshitij Polyline Ltd.,KSHITIJPOL,Plastic products,17359.75,31-03-2023,873.75,0.09,194.17,4.63,0.59
182,Kuantum Papers Ltd.,KUANTUM,Paper,17359.75,31-03-2023,10589.44,17.29,7.02,1.1,1.37
183,Lagnam Spintex Ltd.,LAGNAM,Textiles,17359.75,31-03-2023,872.85,5.52,8.95,0.93,0.87
184,Lakshmi Machine Works Ltd.,LAXMIMACH,Engineering,17359.75,31-03-2023,106640.91,306.07,32.61,4.64,0.99
185,Lambodhara Textiles Ltd.,LAMBODHARA,Textiles,17359.75,31-03-2023,1468.43,16.71,8.47,1.48,1.68
186,Larsen & Toubro Ltd.,LT,Infrastructure Developers & Operators,17359.75,31-03-2023,3041744.56,51.48,42.04,4.25,1.12
187,Laurus Labs Ltd.,LAURUSLABS,Pharmaceuticals,17359.75,31-03-2023,157797.79,14.09,20.79,3.89,0.91
188,Lemon Tree Hotels Ltd.,LEMONTREE,Hotels & Restaurants,17359.75,31-03-2023,61201.04,1.01,76.15,5.72,1.25
189,Liberty Shoes Ltd.,LIBERTSHOE,Leather,17359.75,31-03-2023,3316.84,7.88,24.7,1.68,1.34
190,Lincoln Pharmaceuticals Ltd.,LINCOLN,Pharmaceuticals,17359.75,31-03-2023,6795.09,37.01,9.17,1.35,1.14
191,Linde India Ltd.,LINDEINDIA,Chemicals,17359.75,31-03-2023,343682.63,46.89,85.95,11.04,1.08
192,Lokesh Machines Ltd.,LOKESHMACH,Capital Goods-Non Electrical Equipment,17359.75,31-03-2023,1968.64,4.51,24.36,1.24,1.43
193,Lumax Auto Technologies Ltd.,LUMAXTECH,Auto Ancillaries,17359.75,31-03-2023,18327.61,11.51,23.36,3.14,1.71
194,Lumax Industries Ltd.,LUMAXIND,Auto Ancillaries,17359.75,31-03-2023,16538.47,76.51,23.12,3.44,1.15
195,Lupin Ltd.,LUPIN,Pharmaceuticals,17359.75,31-03-2023,295009.9,9.29,69.82,1.6,0.61
196,Lux Industries Ltd.,LUXIND,Textiles,17359.75,31-03-2023,34820.2,48.95,23.72,2.38,1.12
197,Lypsa Gems & Jewellery Ltd.,LYPSAGEMS,"Diamond, Gems and Jewellery",17359.75,31-03-2023,109.09,0.01,363.64,0.34,1.38
198,Maan Aluminium Ltd.,MAANALU,Non Ferrous Metals,17359.75,31-03-2023,2354.04,37.02,4.7,1.81,1.69
199,Madhucon Projects Ltd.,MADHUCON,Construction,17359.75,31-03-2023,250.9,0.6,5.63,0.05,1.42
200,Magadh Sugar & Energy Ltd.,MAGADSUGAR,Sugar,17359.75,31-03-2023,4498.05,35.28,9.05,0.7,1.45
201,Magnum Ventures Ltd.,MAGNUM,Paper,17359.75,31-03-2023,1225.16,6.7,4.35,7.61,1.08
202,Mahanagar Gas Ltd.,MGL,Gas Distribution,17359.75,31-03-2023,97143.01,80.53,12.21,2.35,0.99
203,Maharashtra Scooters Ltd.,MAHSCOOTER,Finance,17359.75,31-03-2023,48381.13,150.69,28.09,0.25,1.33
204,Maharashtra Seamless Ltd.,MAHSEAMLES,Steel,17359.75,31-03-2023,47911.43,52.97,6.75,1.02,1.08
205,Maheshwari Logistics Ltd.,MAHESHWARI,Logistics,17359.75,31-03-2023,2357.42,4.62,17.25,1.41,0.58
206,Mahindra & Mahindra Financial Services Ltd.,M&MFIN,Finance,17359.75,31-03-2023,286210.51,6.71,34.55,1.67,1.75
207,Mahindra & Mahindra Ltd.,M&M,Automobile,17359.75,31-03-2023,1440876.86,53.52,21.65,3.32,1.32
208,Mahindra Lifespace Developers Ltd.,MAHICKRA,Chemicals,17359.75,31-03-2023,54458.32,1.74,202.82,3.38,1.07
209,Mahindra Logistics Ltd.,MAHLOG,Logistics,17359.75,31-03-2023,25501.46,7.53,47.07,4.06,1.23
210,Maithan Alloys Ltd.,MAITHANALL,Mining & Mineral products,17359.75,31-03-2023,23289.24,181.52,4.41,0.85,1.4
211,Man Industries (India) Ltd.,MANINDS,Steel,17359.75,31-03-2023,5595.59,11.19,8.32,0.56,1.48
212,Man Infraconstruction Ltd.,MANINFRA,Construction,17359.75,31-03-2023,25319.28,4.49,15.2,2.23,1.44
213,Manaksia Ltd.,MANAKSIA,Non Ferrous Metals,17359.75,31-03-2023,7005.59,14.84,7.21,3.88,0.95
214,Manaksia Steels Ltd.,MANAKSTEEL,Steel,17359.75,31-03-2023,2326.46,1.92,18.51,0.83,1.44
215,Manali Petrochemicals Ltd.,MANALIPETC,Petrochemicals,17359.75,31-03-2023,10371.55,2.86,21.12,1.04,1.7
216,Manappuram Finance Ltd.,MANAPPURAM,Finance,17359.75,31-03-2023,104699.03,14.61,8.47,1.17,1.47
217,Mangalam Cement Ltd.,MANGALAM,Pharmaceuticals,17359.75,31-03-2023,7297.78,7.15,37.12,0.97,1.26
218,Mangalam Global Enterprise Ltd.,MGEL,Edible Oil,17359.75,31-03-2023,2009.06,0.86,16.83,1.57,0.27
219,Marathon Nextgen Realty Ltd.,MARATHON,Realty,17359.75,31-03-2023,12801.66,19.37,14.27,1.63,1.43
220,Marico Ltd.,MARICO,FMCG,17359.75,31-03-2023,620421.88,9.12,52.62,16.87,0.52
221,Marine Electricals (India) Ltd.,MARINE,Capital Goods - Electrical Equipment,17359.75,31-03-2023,4397.55,1.57,22.82,2.72,0.51
222,Marksans Pharma Ltd.,MARKSANS,Pharmaceuticals,17359.75,31-03-2023,31902.73,2.25,31.3,2.87,1.61
223,Maruti Suzuki India Ltd.,MARUTI,Automobile,17359.75,31-03-2023,2504893.17,266.77,31.08,4.15,1.16
224,Mask Investments Ltd.,MASKINVEST,Finance,17359.75,31-03-2023,133.5,0.2,222.51,0.14,0.15
225,Mastek Ltd.,MASTEK,IT - Software,17359.75,31-03-2023,47038.76,26.94,57.2,6.39,1.7
226,Mawana Sugars Ltd.,MAWANASUG,Sugar,17359.75,31-03-2023,3524.43,4.53,19.89,0.84,1.36
227,Max Financial Services Ltd.,MFSL,Finance,17359.75,31-03-2023,219147.88,0.2,3218.03,3.24,0.93
228,Mayur Uniquoters Ltd.,MAYURUNIQ,Plastic products,17359.75,31-03-2023,18462.29,22.86,18.38,2.44,1.16
229,Mazda Ltd.,MAZDA,Capital Goods-Non Electrical Equipment,17359.75,31-03-2023,2482.1,67.64,9.16,1.34,1.15
230,Megasoft Ltd.,MEGASOFT,IT - Software,17359.75,31-03-2023,1630.32,1.41,15.63,0.97,1.0
231,Menon Bearings Ltd.,MENONBE,Auto Ancillaries,17359.75,31-03-2023,5405.06,5.81,16.61,4.05,1.07
232,Metropolis Healthcare Ltd.,METROPOLIS,Healthcare,17359.75,31-03-2023,63926.27,26.05,47.92,6.83,0.77
233,Minda Corporation Ltd.,MINDACORP,Auto Ancillaries,17359.75,31-03-2023,51437.94,11.1,19.39,3.73,1.62
234,Mindteck (India) Ltd.,MINDTECK,IT - Software,17359.75,31-03-2023,2614.94,5.66,18.29,1.8,1.48
235,Mirza International Ltd.,MIRZAINT,Leather,17359.75,31-03-2023,4816.34,1.65,21.14,1.06,1.37
236,Mishra Dhatu Nigam Ltd.,MIDHANI,Steel,17359.75,31-03-2023,34592.33,8.33,22.17,2.69,1.24
237,Mittal Life Style Ltd.,MITTAL,Textiles,17359.75,31-03-2023,285.58,0.19,51.0,0.92,0.85
238,Modi Rubber Ltd.,MODIRUBBER,Tyres,17359.75,31-03-2023,1406.03,3.45,16.27,0.39,0.49
239,Moksh Ornaments Ltd.,MOKSH,"Diamond, Gems and Jewellery",17359.75,31-03-2023,477.57,1.14,7.79,0.94,0.56
240,Mold-Tek Packaging Ltd.,MOLDTKPAC,Plastic products,17359.75,31-03-2023,29956.81,23.12,39.06,5.68,1.03
241,Mold-Tek Technologies Ltd.,MOLDTECH,Engineering,17359.75,31-03-2023,6894.01,10.3,23.71,6.95,0.95
242,Monte Carlo Fashions Ltd.,MONTECARLO,Textiles,17359.75,31-03-2023,12890.16,60.67,10.25,1.66,1.22
243,Morepen Laboratories Ltd.,MOREPENLAB,Pharmaceuticals,17359.75,31-03-2023,13188.15,0.9,28.52,1.73,1.36
244,Motilal Oswal Financial Services Ltd.,MOTILALOFS,Finance,17359.75,31-03-2023,90292.13,38.3,15.93,2.03,1.12
245,Mukta Arts Ltd.,MUKTAARTS,Entertainment,17359.75,31-03-2023,1001.65,3.84,11.55,0.56,1.61
246,Munjal Showa Ltd.,MUNJALSHOW,Auto Ancillaries,17359.75,31-03-2023,3407.57,3.42,24.91,0.52,1.45
247,Murudeshwar Ceramics Ltd.,MURUDCERA,Ceramic Products,17359.75,31-03-2023,1730.86,1.14,26.23,0.49,1.63
248,Muthoot Capital Services Ltd.,MUTHOOTCAP,Finance,17359.75,31-03-2023,4233.59,46.79,5.5,0.87,1.08
249,Muthoot Finance Ltd.,MUTHOOTFIN,Finance,17359.75,31-03-2023,393399.19,86.32,11.35,1.87,1.01
250,Nahar Industrial Enterprises Ltd.,NAHARINDUS,Textiles,17359.75,31-03-2023,3910.11,12.28,7.37,0.43,1.46
251,Nahar Poly Films Ltd.,NAHARPOLY,Packaging,17359.75,31-03-2023,5620.81,12.94,17.67,1.17,1.43
252,Nahar Spinning Mills Ltd.,NAHARSPING,Textiles,17359.75,31-03-2023,8666.49,29.46,8.16,0.56,1.55
253,Narayana Hrudayalaya Ltd.,NH,Healthcare,17359.75,31-03-2023,158205.92,12.36,62.64,10.77,0.68
254,Natco Pharma Ltd.,NATCOPHARM,Pharmaceuticals,17359.75,31-03-2023,102794.54,34.92,16.13,2.18,0.7
255,Nath Bio-Genes (India) Ltd.,NATHBIOGEN,Miscellaneous,17359.75,31-03-2023,2684.32,18.49,7.64,0.47,1.56
256,National Fertilizers Ltd.,NFL,Fertilizers,17359.75,31-03-2023,35542.41,9.23,7.85,1.3,1.41
257,Navkar Corporation Ltd.,NAVKARCORP,Miscellaneous,17359.75,31-03-2023,7962.46,3.64,14.55,0.41,1.93
258,Navneet Education Ltd.,NAVNETEDUL,Media - Print/Television/Radio,17359.75,31-03-2023,21569.43,10.13,9.42,1.6,0.98
259,Nelcast Ltd.,NELCAST,"Castings, Forgings & Fastners",17359.75,31-03-2023,7725.71,3.46,25.65,1.65,1.65
260,Neogen Chemicals Ltd.,NEOGEN,Chemicals,17359.75,31-03-2023,32076.95,20.07,64.09,6.65,0.89
261,Nesco Ltd.,NESCO,Miscellaneous,17359.75,31-03-2023,36477.12,43.77,11.83,1.86,0.88
262,Nestle India Ltd.,NESTLEIND,FMCG,17359.75,31-03-2023,1899823.48,266.64,73.9,59.45,0.55
263,Neuland Laboratories Ltd.,NEULANDLAB,Pharmaceuticals,17359.75,31-03-2023,23145.76,122.07,14.78,2.34,1.19
264,New Delhi Television Ltd.,NDTV,Media - Print/Television/Radio,17359.75,31-03-2023,12359.14,2.02,94.85,3.31,0.72
265,Newgen Software Technologies Ltd.,NEWGEN,IT - Software,17359.75,31-03-2023,31529.03,22.83,19.74,3.42,1.06
266,Nila Infrastructures Ltd.,NILAINFRA,Construction,17359.75,31-03-2023,1831.58,0.04,103.48,1.24,1.75
267,Nilkamal Ltd.,NILKAMAL,Plastic products,17359.75,31-03-2023,26204.7,77.79,22.57,2.09,1.11
268,Nitin Spinners Ltd.,NITINSPIN,Textiles,17359.75,31-03-2023,12663.56,28.89,7.8,1.23,1.45
269,Norben Tea & Exports Ltd.,NORBTEAEXP,Plantation & Plantation Products,17359.75,31-03-2023,94.0,0.18,44.76,0.63,0.43
270,Nucleus Software Exports Ltd.,NUCLEUS,IT - Software,17359.75,31-03-2023,17116.19,48.39,13.21,2.91,0.94
271,Oberoi Realty Ltd.,OBEROIRLTY,Realty,17359.75,31-03-2023,306371.24,19.42,43.4,4.0,1.11
272,Oil India Ltd.,OIL,Crude Oil & Natural Gas,17359.75,31-03-2023,272890.57,67.13,3.75,0.79,0.89
273,Olectra Greentech Ltd.,OLECTRA,Telecomm Equipment & Infra Services,17359.75,31-03-2023,50828.5,8.61,71.88,5.99,1.61
274,Onelife Capital Advisors Ltd.,ONELIFECAP,Finance,17359.75,31-03-2023,176.35,0.01,1763.52,0.16,1.13
275,Onward Technologies Ltd.,ONWARDTEC,IT - Software,17359.75,31-03-2023,6431.72,6.45,44.73,3.99,1.18
276,Optiemus Infracom Ltd.,OPTIEMUS,Trading,17359.75,31-03-2023,17669.41,1.08,189.99,4.31,1.36
277,Oracle Financial Services Software Ltd.,OFSS,IT - Software,17359.75,31-03-2023,281978.79,205.16,15.91,4.71,0.73
278,Orbit Exports Ltd.,ORBTEXP,Textiles,17359.75,31-03-2023,3137.18,11.5,10.12,1.56,1.03
279,Orient Bell Ltd.,ORIENTBELL,Ceramic Products,17359.75,31-03-2023,7315.97,9.35,54.03,2.39,1.11
280,Orient Cement Ltd.,ORIENTCEM,Cement,17359.75,31-03-2023,22525.32,5.58,19.71,1.4,1.45
281,Orient Electric Ltd.,ORIENTELEC,Consumer Durables,17359.75,31-03-2023,57515.94,2.37,113.92,9.84,0.94
282,Oriental Aromatics Ltd.,OAL,Chemicals,17359.75,31-03-2023,11824.18,5.62,62.5,1.89,1.18
283,Oriental Carbon & Chemicals Ltd.,OCCL,Chemicals,17359.75,31-03-2023,6695.36,44.7,14.99,1.13,1.05
284,Oriental Hotels Ltd.,ORIENTHOT,Hotels & Restaurants,17359.75,31-03-2023,14073.62,3.17,24.87,4.38,1.3
285,Oswal Agro Mills Ltd.,OSWALAGRO,Realty,17359.75,31-03-2023,3449.83,0.75,34.06,0.57,1.38
286,Page Industries Ltd.,PAGEIND,Readymade Garments/ Apparells,17359.75,31-03-2023,422768.63,509.34,74.42,30.84,0.83
287,Paisalo Digital Ltd.,PAISALO,Finance,17359.75,31-03-2023,23663.46,2.1,25.1,2.06,0.96
288,Palash Securities Ltd.,PALASHSECU,Finance,17359.75,31-03-2023,990.81,4.23,23.42,3.27,0.81
289,Palred Technologies Ltd.,PALREDTEC,IT - Software,17359.75,31-03-2023,1672.8,1.41,96.69,2.59,1.08
290,Panache Digilife Ltd.,PANACHE,IT - Hardware,17359.75,31-03-2023,747.0,1.54,40.38,2.05,0.76
291,Panama Petrochem Ltd.,PANAMAPET,Petrochemicals,17359.75,31-03-2023,17676.23,29.78,9.81,2.29,1.79
292,Parag Milk Foods Ltd.,PARAGMILK,FMCG,17359.75,31-03-2023,8539.09,5.84,12.47,1.03,1.3
293,Paramount Communications Ltd.,PARACABLES,Cables,17359.75,31-03-2023,6039.12,2.46,12.64,2.42,1.17
294,Patel Engineering Ltd.,PATELENG,Construction,17359.75,31-03-2023,11565.58,0.39,38.26,0.4,1.88
295,Patel Integrated Logistics Ltd.,PATINTLOG,Logistics,17359.75,31-03-2023,710.44,0.32,34.16,0.61,1.51
296,Pennar Industries Ltd.,PENIND,Steel,17359.75,31-03-2023,9547.45,3.28,21.6,1.29,1.28
297,Pennar Industries Ltd.,PENINLAND,Realty,17359.75,31-03-2023,9547.45,3.28,21.6,1.29,1.28
298,Persistent Systems Ltd.,PERSISTENT,IT - Software,17359.75,31-03-2023,352281.04,103.41,44.58,8.94,0.84
299,Pfizer Ltd.,PFIZER,Pharmaceuticals,17359.75,31-03-2023,158614.25,127.4,27.22,4.95,0.5
300,Pidilite Industries Ltd.,PIDILITIND,Chemicals,17359.75,31-03-2023,1196063.41,24.5,96.04,16.83,0.85
301,Piramal Enterprises Ltd.,PEL,Pharmaceuticals,17359.75,31-03-2023,161897.52,103.24,6.57,0.67,1.77
302,Plastiblends India Ltd.,PLASTIBLEN,Chemicals,17359.75,31-03-2023,3924.37,9.63,15.67,0.99,1.17
303,Poly Medicure Ltd.,POLYMED,Healthcare,17359.75,31-03-2023,91426.38,18.67,51.01,7.42,0.68
304,Polyplex Corporation Ltd.,POLYPLEX,Packaging,17359.75,31-03-2023,35867.46,93.8,12.18,5.17,1.45
305,Ponni Sugars (Erode) Ltd.,PONNIERODE,Sugar,17359.75,31-03-2023,3403.25,43.53,9.09,0.75,1.05
306,Power Mech Projects Ltd.,POWERMECH,Capital Goods-Non Electrical Equipment,17359.75,31-03-2023,36817.21,140.41,17.59,3.0,1.31
307,Prakash Industries Ltd.,PRAKASH,Steel,17359.75,31-03-2023,9115.27,10.64,4.79,0.31,1.91
308,Precision Camshafts Ltd.,PRECAM,Auto Ancillaries,17359.75,31-03-2023,9042.65,6.56,14.51,1.1,1.41
309,Precision Wires India Ltd.,PRECWIRE,Non Ferrous Metals,17359.75,31-03-2023,11443.04,3.26,19.64,2.54,1.39
310,Premier Explosives Ltd.,PREMEXPLN,Chemicals,17359.75,31-03-2023,4347.67,6.21,65.08,2.23,1.02
311,Prestige Estates Projects Ltd.,PRESTIGE,Realty,17359.75,31-03-2023,161627.42,8.0,50.43,2.43,1.24
312,Pricol Ltd.,PRICOLLTD,Auto Ancillaries,17359.75,31-03-2023,25259.94,8.4,24.68,3.73,1.47
313,Prime Securities Ltd.,PRIMESECU,Finance,17359.75,31-03-2023,3585.18,1.94,57.09,3.1,1.11
314,Procter & Gamble Health Ltd.,PGEL,Consumer Durables,17359.75,31-03-2023,77785.53,144.75,32.37,10.77,0.63
315,Pudumjee Paper Products Ltd.,PDMJEPAPER,Paper,17359.75,31-03-2023,3508.4,6.2,5.96,0.88,1.24
316,Punjab & Sind Bank,PSB,Banks,17359.75,31-03-2023,173850.22,1.14,22.55,1.22,1.44
317,Punjab Chemicals & Crop Protection Ltd.,PUNJABCHEM,Chemicals,17359.75,31-03-2023,10150.64,50.81,16.29,3.41,0.88
318,Punjab National Bank,PNB,Banks,17359.75,31-03-2023,513113.33,1.84,25.28,0.56,1.46
319,Puravankara Ltd.,PURVA,Realty,17359.75,31-03-2023,15497.73,4.82,13.57,0.86,1.51
320,Quess Corp Ltd.,QUESS,Diversified,17359.75,31-03-2023,54793.03,8.97,41.21,2.53,1.32
321,Quick Heal Technologies Ltd.,QUICKHEAL,IT - Software,17359.75,31-03-2023,7056.17,0.68,195.46,1.68,1.39
322,R Systems International Ltd.,RSYSTEMS,IT - Software,17359.75,31-03-2023,30120.06,10.4,24.49,7.12,0.64
323,Radico Khaitan Ltd.,RADICO,Alcoholic Beverages,17359.75,31-03-2023,159686.68,15.29,78.12,7.42,1.09
324,Rail Vikas Nigam Ltd.,RVNL,Construction,17359.75,31-03-2023,143032.38,6.06,11.32,2.09,1.13
325,Rain Industries Ltd.,RAIN,Trading,17359.75,31-03-2023,50132.32,0.72,207.42,5.56,1.58
326,Raj Television Network Ltd.,RAJTV,Entertainment,17359.75,31-03-2023,2037.6,0.22,180.32,2.05,0.92
327,Rajesh Exports Ltd.,RAJESHEXPO,"Diamond, Gems and Jewellery",17359.75,31-03-2023,180138.1,1.03,592.95,3.6,0.38
328,Rallis India Ltd.,RALLIS,Agro Chemicals,17359.75,31-03-2023,37513.05,6.17,31.24,2.17,1.07
329,Rama Steel Tubes Ltd.,RAMASTEEL,Steel,17359.75,31-03-2023,12973.17,0.36,78.15,5.3,1.37
330,Ramkrishna Forgings Ltd.,RKFORGE,"Castings, Forgings & Fastners",17359.75,31-03-2023,45744.4,14.59,19.61,3.52,1.75
331,Ramky Infrastructure Ltd.,RAMKY,Construction,17359.75,31-03-2023,20181.54,30.99,9.41,2.24,1.71
332,Rane Brake Lining Ltd.,RBL,Auto Ancillaries,17359.75,31-03-2023,4874.46,35.33,17.85,1.87,1.22
333,Rane Holdings Ltd.,RANEHOLDIN,Finance,17359.75,31-03-2023,12363.87,35.83,24.17,2.31,1.28
334,Ratnamani Metals & Tubes Ltd.,RATNAMANI,Steel,17359.75,31-03-2023,138911.83,73.2,27.07,5.15,0.61
335,Raymond Ltd.,RAYMOND,Textiles,17359.75,31-03-2023,81356.43,57.8,21.14,3.61,1.49
336,Refex Industries Ltd.,REFEX,Chemicals,17359.75,31-03-2023,5254.84,52.6,4.52,1.67,1.29
337,Reliance Industrial Infrastructure Ltd.,RIIL,Infrastructure Developers & Operators,17359.75,31-03-2023,11805.93,11.94,65.48,3.01,1.64
338,Reliance Industries Ltd.,RELIANCE,Refineries,17359.75,31-03-2023,15772103.45,63.71,36.59,3.29,0.93
339,Remsons Industries Ltd.,REMSONSIND,Auto Ancillaries,17359.75,31-03-2023,1091.82,13.51,14.14,2.62,1.06
340,Repro India Ltd.,REPRO,Media - Print/Television/Radio,17359.75,31-03-2023,4537.0,5.0,71.34,1.71,0.99
341,Responsive Industries Ltd.,RESPONIND,Plastic products,17359.75,31-03-2023,32870.3,0.37,332.7,4.8,0.77
342,Revathi Equipment Ltd.,REVATHI,Capital Goods-Non Electrical Equipment,17359.75,31-03-2023,3935.19,53.96,23.78,1.87,1.01
343,Rossell India Ltd.,ROSSELLIND,Plantation & Plantation Products,17359.75,31-03-2023,9131.97,7.25,33.41,3.19,1.36
344,Royal Orchid Hotels Ltd.,ROHLTD,Hotels & Restaurants,17359.75,31-03-2023,7476.11,10.28,26.53,3.47,1.74
345,Ruchi Infrastructure Ltd.,RUCHINFRA,Miscellaneous,17359.75,31-03-2023,1724.02,0.04,191.56,1.02,0.95
346,Ruchira Papers Ltd.,RUCHIRA,Paper,17359.75,31-03-2023,2784.54,22.66,4.12,0.73,1.67
347,Rushil Decor Ltd.,RUSHIL,Miscellaneous,17359.75,31-03-2023,5211.46,39.02,6.71,1.51,1.25
348,Sagar Cements Ltd.,SAGCEM,Cement,17359.75,31-03-2023,24801.76,2.81,67.56,1.49,1.14
349,Sagardeep Alloys Ltd.,SAGARDEEP,Non Ferrous Metals,17359.75,31-03-2023,343.71,0.3,67.39,1.25,0.44
350,Sakar Healthcare Ltd.,SAKAR,Pharmaceuticals,17359.75,31-03-2023,3819.42,6.71,29.91,2.18,0.66
351,Saksoft Ltd.,SAKSOFT,IT - Software,17359.75,31-03-2023,15298.63,2.63,54.99,8.77,1.01
352,Sakuma Exports Ltd.,SAKUMA,Trading,17359.75,31-03-2023,2392.51,1.03,9.95,0.86,1.51
353,Salona Cotspin Ltd.,SALONA,Textiles,17359.75,31-03-2023,1246.4,33.39,7.09,1.68,0.94
354,Sandhar Technologies Ltd.,SANDHAR,Auto Ancillaries,17359.75,31-03-2023,12149.49,14.42,13.99,1.31,1.14
355,Sangam (India) Ltd.,SANGAMIND,Textiles,17359.75,31-03-2023,9687.26,34.11,6.3,1.13,1.36
356,Sanghvi Movers Ltd.,SANGHVIMOV,Capital Goods-Non Electrical Equipment,17359.75,31-03-2023,15243.87,19.34,18.2,1.81,1.26
357,Sanginita Chemicals Ltd.,SANGINITA,Chemicals,17359.75,31-03-2023,327.22,0.24,77.91,0.82,0.77
358,Sanofi India Ltd.,SANOFI,Pharmaceuticals,17359.75,31-03-2023,132089.83,223.53,25.66,9.01,0.47
359,Sarda Energy & Minerals Ltd.,SARDAEN,Steel,17359.75,31-03-2023,37618.46,181.17,5.89,1.2,1.69
360,Sastasundar Ventures Ltd.,SASTASUNDR,Finance,17359.75,31-03-2023,7015.81,0.2,1079.35,2.57,1.1
361,Satia Industries Ltd.,SATIA,Paper,17359.75,31-03-2023,10550.0,19.22,5.49,1.44,0.82
362,Satin Creditcare Network Ltd.,SATIN,Finance,17359.75,31-03-2023,10853.29,7.57,16.83,0.58,1.69
363,Savita Oil Technologies Ltd.,SOTL,Petrochemicals,17359.75,31-03-2023,16380.25,32.66,7.26,1.12,0.94
364,Schaeffler India Ltd.,SCHAEFFLER,Bearings,17359.75,31-03-2023,448208.59,56.02,51.18,9.95,0.73
365,Schneider Electric Infrastructure Ltd.,SCHNEIDER,Capital Goods - Electrical Equipment,17359.75,31-03-2023,37228.5,4.03,38.59,79.8,1.25
366,Seamec Ltd.,SEAMECLTD,Shipping,17359.75,31-03-2023,15129.15,15.79,37.68,2.2,1.05
367,Selan Exploration Technology Ltd.,SELAN,Crude Oil & Natural Gas,17359.75,31-03-2023,3699.68,20.3,11.99,1.03,1.14
368,Shalby Ltd.,SHALBY,Healthcare,17359.75,31-03-2023,14494.91,7.32,18.34,1.49,1.49
369,Shankara Building Products Ltd.,SHANKARA,Trading,17359.75,31-03-2023,13997.5,22.47,27.26,3.24,1.35
370,Shanthi Gears Ltd.,SHANTIGEAR,Auto Ancillaries,17359.75,31-03-2023,28158.55,8.71,42.13,9.31,0.98
371,Sharda Cropchem Ltd.,SHARDACROP,Agro Chemicals,17359.75,31-03-2023,44180.98,36.03,13.59,2.21,1.26
372,Shemaroo Entertainment Ltd.,SHEMAROO,Entertainment,17359.75,31-03-2023,2890.83,3.07,34.62,0.49,0.84
373,Shilpa Medicare Ltd.,SHILPAMED,Pharmaceuticals,17359.75,31-03-2023,19864.61,7.41,30.86,0.94,1.09
374,Shoppers Stop Ltd.,SHOPERSTOP,Retail,17359.75,31-03-2023,71134.04,8.54,75.93,30.7,1.26
375,Shree Cement Ltd.,SHREECEM,Cement,17359.75,31-03-2023,944844.74,291.88,89.72,5.17,1.08
376,Shree Rama Multi-Tech Ltd.,SHREERAMA,Packaging,17359.75,31-03-2023,542.65,1.11,7.71,1.83,1.35
377,Shreyans Industries Ltd.,SHREYANIND,Paper,17359.75,31-03-2023,1974.15,52.86,2.7,0.65,1.7
378,Shreyans Industries Ltd.,SSINFRA,Construction,17359.75,31-03-2023,1974.15,52.86,2.7,0.65,1.7
379,Shreyas Shipping & Logistics Ltd.,SHREYAS,Shipping,17359.75,31-03-2023,5255.54,89.63,2.67,0.64,1.46
380,Siemens Ltd.,SIEMENS,Capital Goods - Electrical Equipment,17359.75,31-03-2023,1184865.51,45.11,73.76,9.72,0.93
381,Sirca Paints India Ltd.,SIRCA,Trading,17359.75,31-03-2023,17663.51,16.83,38.29,6.65,1.12
382,Skipper Ltd.,SKIPPER,Engineering,17359.75,31-03-2023,9876.87,3.19,30.2,1.29,1.64
383,Snowman Logistics Ltd.,SNOWMAN,Logistics,17359.75,31-03-2023,5346.82,0.5,64.11,1.27,0.95
384,Sobha Ltd.,SOBHA,Realty,17359.75,31-03-2023,40840.62,6.67,64.56,1.74,1.56
385,Solar Industries India Ltd.,SOLARINDS,Chemicals,17359.75,31-03-2023,343183.53,48.0,79.01,19.42,0.74
386,Somany Ceramics Ltd.,SOMANYCERA,Ceramic Products,17359.75,31-03-2023,20763.52,18.83,25.95,2.65,1.3
387,Somany Ceramics Ltd.,SPLIL,Textiles,17359.75,31-03-2023,20763.52,18.83,25.95,2.65,1.3
388,Somi Conveyor Beltings Ltd.,SOMICONVEY,Plantation & Plantation Products,17359.75,31-03-2023,424.07,2.95,12.22,0.63,1.47
389,Sonata Software Ltd.,SONATSOFTW,IT - Software,17359.75,31-03-2023,117259.64,15.34,54.53,21.18,1.06
390,South West Pinnacle Exploration Ltd.,SOUTHWEST,Mining & Mineral products,17359.75,31-03-2023,3116.7,2.97,37.55,2.68,0.75
391,Spacenet Enterprises India Ltd.,SPAL,Textiles,17359.75,31-03-2023,8618.78,0.05,319.21,23.03,0.32
392,Speciality Restaurants Ltd.,SPECIALITY,Hotels & Restaurants,17359.75,31-03-2023,9976.15,17.33,12.26,4.03,1.53
393,Sree Rayalaseema Hi-Strength Hypo Ltd.,SRHHYPOLTD,Chemicals,17359.75,31-03-2023,7037.58,89.9,4.56,0.98,1.54
394,Star Cement Ltd.,STARCEMENT,Cement,17359.75,31-03-2023,45207.58,3.87,28.93,3.09,0.73
395,Star Paper Mills Ltd.,STARPAPER,Paper,17359.75,31-03-2023,1425.63,80.0,1.83,0.24,1.86
396,Steel City Securities Ltd.,STEELCITY,Stock/ Commodity Brokers,17359.75,31-03-2023,954.01,6.62,9.54,1.0,1.13
397,Steel Strips Wheels Ltd.,SSWL,Auto Ancillaries,17359.75,31-03-2023,23156.13,12.39,11.94,2.04,1.22
398,Sterling Tools Ltd.,STERTOOLS,"Castings, Forgings & Fastners",17359.75,31-03-2023,14501.55,10.4,38.71,3.61,1.37
399,Subros Ltd.,SUBROS,Auto Ancillaries,17359.75,31-03-2023,19573.99,6.13,48.97,2.26,1.28
400,Sumit Woods Ltd.,SUMIT,Realty,17359.75,31-03-2023,932.9,0.81,37.62,1.69,0.67
401,Summit Securities Ltd.,SUMMITSEC,Finance,17359.75,31-03-2023,5903.86,17.82,30.39,0.25,0.95
402,Sundaram Finance Holdings Ltd.,SUNDARMFIN,Finance,17359.75,31-03-2023,17512.89,4.27,18.48,0.82,0.96
403,Sundaram Finance Holdings Ltd.,SUNDARMHLD,Finance,17359.75,31-03-2023,17512.89,4.27,18.48,0.82,0.96
404,Sundaram Finance Ltd.,SUNDARAM,Media - Print/Television/Radio,17359.75,31-03-2023,255483.33,94.74,24.27,3.3,0.85
405,Sundram Fasteners Ltd.,SUNDRMFAST,"Castings, Forgings & Fastners",17359.75,31-03-2023,205505.55,21.87,44.72,7.06,1.04
406,Superhouse Ltd.,SUPERHOUSE,Leather,17359.75,31-03-2023,2594.73,18.32,12.85,0.69,1.45
407,Suprajit Engineering Ltd.,SUPRAJIT,Auto Ancillaries,17359.75,31-03-2023,47717.77,13.5,25.55,4.35,1.05
408,Supreme Industries Ltd.,SUPREMEIND,Plastic products,17359.75,31-03-2023,319288.39,58.78,42.77,8.3,0.9
409,Supreme Petrochem Ltd.,SUPPETRO,Petrochemicals,17359.75,31-03-2023,69631.71,26.4,14.03,3.78,0.74
410,Surana Solar Ltd.,SURANASOL,Capital Goods - Electrical Equipment,17359.75,31-03-2023,838.97,0.46,36.8,1.46,1.16
411,Surya Roshni Ltd.,SURYAROSNI,Steel,17359.75,31-03-2023,35795.66,61.74,10.66,1.92,1.59
412,Suryalakshmi Cotton Mills Ltd.,SURYALAXMI,Textiles,17359.75,31-03-2023,881.03,6.62,7.08,0.34,1.52
413,Swan Energy Ltd.,SWANENERGY,Textiles,17359.75,31-03-2023,56425.45,0.14,1550.15,4.4,0.73
414,Swaraj Engines Ltd.,SWARAJENG,Capital Goods-Non Electrical Equipment,17359.75,31-03-2023,18698.03,110.7,13.91,5.46,0.82
415,Swelect Energy Systems Ltd.,SWELECTES,Capital Goods - Electrical Equipment,17359.75,31-03-2023,4324.04,5.2,54.8,0.59,1.3
416,Symphony Ltd.,SYMPHONY,Consumer Durables,17359.75,31-03-2023,70946.89,23.49,43.18,7.78,0.97
417,Syngene International Ltd.,SYNGENE,Pharmaceuticals,17359.75,31-03-2023,238652.81,11.97,49.67,6.59,0.6
418,Talbros Automotive Components Ltd.,TALBROAUTO,Auto Ancillaries,17359.75,31-03-2023,5051.21,35.45,11.54,1.63,1.63
419,Tamil Nadu Newsprint & Papers Ltd.,TNPL,Paper,17359.75,31-03-2023,15108.67,56.04,3.9,0.78,1.22
420,Tamilnadu Petroproducts Ltd.,TNPETRO,Chemicals,17359.75,31-03-2023,6432.96,9.93,7.2,0.84,1.12
421,Tanla Platforms Ltd.,TANLA,IT - Software,17359.75,31-03-2023,70324.99,12.95,40.39,12.4,1.13
422,Tantia Constructions Ltd.,TANTIACONS,Infrastructure Developers & Operators,17359.75,31-03-2023,248.62,12.21,0.71,0.08,0.14
423,Tarmat Ltd.,TARMAT,Realty,17359.75,31-03-2023,1608.16,2.3,32.82,1.23,1.32
424,Tasty Bite Eatables Ltd.,TASTYBITE,FMCG,17359.75,31-03-2023,20585.35,120.65,66.49,8.45,0.94
425,Tata Chemicals Ltd.,TATACHEM,Chemicals,17359.75,31-03-2023,247737.74,5.89,165.16,1.55,1.15
426,Tata Coffee Ltd.,TATACOFFEE,Plantation & Plantation Products,17359.75,31-03-2023,38446.68,3.76,54.69,2.83,1.23
427,Tata Communications Ltd.,TATACOMM,Telecomm-Service,17359.75,31-03-2023,354967.5,25.43,48.98,3.6,1.19
428,Tata Consultancy Services Ltd.,TCS,IT - Software,17359.75,31-03-2023,11730552.8,104.94,30.55,15.74,0.64
429,Tata Elxsi Ltd.,TATAELXSI,IT - Software,17359.75,31-03-2023,371111.53,121.1,49.21,17.79,1.12
430,Tata Metaliks Ltd.,TATAMETALI,Steel,17359.75,31-03-2023,23679.97,25.15,29.82,1.5,1.29
431,Tata Motors Ltd.,TATAMOTORS,Automobile,17359.75,31-03-2023,1397621.69,8.74,48.16,6.25,1.75
432,Tata Steel Ltd.,TATASTEEL,Steel,17359.75,31-03-2023,1277150.62,12.61,8.29,0.95,1.35
433,Tech Mahindra Ltd.,TECHM,IT - Software,17359.75,31-03-2023,1073364.4,44.41,24.81,4.26,0.77
434,Technocraft Industries (India) Ltd.,TIIL,Steel,17359.75,31-03-2023,27895.01,82.82,14.67,2.3,1.27
435,Thangamayil Jewellery Ltd.,THANGAMAYL,"Diamond, Gems and Jewellery",17359.75,31-03-2023,13789.55,59.74,16.82,3.55,0.96
436,Thejo Engineering Ltd.,THEJO,Engineering,17359.75,31-03-2023,14189.59,25.78,51.45,7.89,0.78
437,Themis Medicare Ltd.,THEMISMED,Pharmaceuticals,17359.75,31-03-2023,10857.89,46.54,25.35,4.38,1.42
438,Thermax Ltd.,THERMAX,Capital Goods-Non Electrical Equipment,17359.75,31-03-2023,273189.65,26.49,86.53,8.49,0.79
439,Thirumalai Chemicals Ltd.,TIRUMALCHM,Chemicals,17359.75,31-03-2023,17590.28,10.94,15.7,1.83,1.68
440,Thomas Scott (India) Ltd.,THOMASCOTT,Textiles,17359.75,31-03-2023,234.56,4.55,8.12,1.78,0.43
441,Thyrocare Technologies Ltd.,THYROCARE,Healthcare,17359.75,31-03-2023,22751.98,10.77,39.92,4.53,0.48
442,Tide Water Oil Co. (India) Ltd.,TIDEWATER,Chemicals,17359.75,31-03-2023,14460.18,48.61,17.07,2.11,1.01
443,Tilaknagar Industries Ltd.,TI,Alcoholic Beverages,17359.75,31-03-2023,20887.82,3.72,30.27,4.42,0.56
444,Tilaknagar Industries Ltd.,TIINDIA,Miscellaneous,17359.75,31-03-2023,20887.82,3.72,30.27,4.42,0.56
445,Time Technoplast Ltd.,TIMETECHNO,Plastic products,17359.75,31-03-2023,17413.3,4.92,15.66,1.06,1.6
446,Times Guaranty Ltd.,TIMESGTY,Finance,17359.75,31-03-2023,441.11,1.0,49.01,1.01,1.07
447,Timken India Ltd.,TIMKEN,Auto Ancillaries,17359.75,31-03-2023,207261.46,51.24,53.78,10.17,0.89
448,Titan Company Ltd.,TITAN,"Diamond, Gems and Jewellery",17359.75,31-03-2023,2232693.41,37.58,66.93,18.62,1.19
449,Torrent Pharmaceuticals Ltd.,TORNTPHARM,Pharmaceuticals,17359.75,31-03-2023,520241.41,30.4,50.56,8.06,0.5
450,Torrent Power Ltd.,TORNTPOWER,Power Generation & Distribution,17359.75,31-03-2023,245306.81,42.85,11.91,2.23,0.85
451,Touchwood Entertainment Ltd.,TOUCHWOOD,Entertainment,17359.75,31-03-2023,1615.25,2.44,65.13,8.7,0.64
452,Trent Ltd.,TRENT,Retail,17359.75,31-03-2023,488777.48,8.89,154.71,15.87,1.18
453,Tribhovandas Bhimji Zaveri Ltd.,TBZ,"Diamond, Gems and Jewellery",17359.75,31-03-2023,4077.24,5.54,11.02,0.72,1.74
454,Trident Ltd.,TRIDENT,Textiles,17359.75,31-03-2023,142431.96,0.82,34.2,4.09,1.48
455,Trigyn Technologies Ltd.,TRIGYN,IT - Software,17359.75,31-03-2023,2829.21,1.12,82.01,1.49,1.72
456,Triveni Turbine Ltd.,TRITURBINE,Capital Goods - Electrical Equipment,17359.75,31-03-2023,105900.69,4.55,73.29,16.95,1.22
457,Ujjivan Financial Services Ltd.,UJJIVAN,Finance,17359.75,31-03-2023,31180.01,8.89,28.83,1.68,1.59
458,Uniphos Enterprises Ltd.,UNIENTER,Trading,17359.75,31-03-2023,10619.65,5.57,27.43,0.37,1.14
459,United Breweries Ltd.,UBL,Alcoholic Beverages,17359.75,31-03-2023,376631.91,12.57,113.36,9.51,0.93
460,United Polyfab Gujarat Ltd.,UNITEDPOLY,Textiles,17359.75,31-03-2023,1570.32,2.62,28.66,2.59,0.39
461,United Spirits Ltd.,MCDOWELL-N,Alcoholic Beverages,17359.75,31-03-2023,550048.26,9.63,78.51,9.25,0.96
462,Universal Cables Ltd.,UNIVCABLES,Cables,17359.75,31-03-2023,12441.76,18.09,19.83,1.76,1.64
463,Urja Global Ltd.,URJA,Trading,17359.75,31-03-2023,3816.86,0.02,284.84,2.62,1.35
464,Usha Martin Ltd.,USHAMART,Steel,17359.75,31-03-2023,65367.11,6.54,32.82,6.05,1.45
465,Uttam Sugar Mills Ltd.,UTTAMSUGAR,Sugar,17359.75,31-03-2023,8821.35,32.36,7.15,1.55,1.7
466,V-Guard Industries Ltd.,VGUARD,Capital Goods - Electrical Equipment,17359.75,31-03-2023,108065.22,3.91,64.03,6.92,0.81
467,Vadilal Industries Ltd.,VADILALIND,FMCG,17359.75,31-03-2023,15785.55,99.75,22.02,7.38,0.97
468,Vaibhav Global Ltd.,VAIBHAVGBL,"Diamond, Gems and Jewellery",17359.75,31-03-2023,45024.5,6.05,45.07,7.36,0.87
469,Vaishali Pharma Ltd.,VAISHALI,Trading,17359.75,31-03-2023,1538.69,6.33,23.03,4.67,0.33
470,Vardhman Acrylics Ltd.,VARDHACRLC,Textiles,17359.75,31-03-2023,3495.82,4.09,10.64,1.43,0.81
471,Vardhman Holdings Ltd.,VHL,Finance,17359.75,31-03-2023,8171.93,21.62,118.43,1.02,1.32
472,Vardhman Special Steels Ltd.,VSSL,Steel,17359.75,31-03-2023,16137.21,24.72,16.06,2.52,1.09
473,Vardhman Textiles Ltd.,VTL,Textiles,17359.75,31-03-2023,84916.61,25.91,11.34,1.02,1.0
474,Varun Beverages Ltd.,VBL,FMCG,17359.75,31-03-2023,900936.99,23.7,58.53,15.29,0.77
475,Vascon Engineers Ltd.,VASCONEQ,Construction,17359.75,31-03-2023,5400.33,3.83,6.49,0.6,1.62
476,Vaswani Industries Ltd.,VASWANI,Steel,17359.75,31-03-2023,600.0,2.0,9.98,0.57,1.33
477,Vedanta Ltd.,VEDL,Mining & Mineral products,17359.75,31-03-2023,1020185.28,61.55,4.46,1.5,1.51
478,Venus Remedies Ltd.,VENUSREM,Pharmaceuticals,17359.75,31-03-2023,2171.47,21.67,7.5,0.45,0.96
479,Vertoz Advertising Ltd.,VERTOZ,Miscellaneous,17359.75,31-03-2023,3706.36,1.96,102.1,3.14,0.83
480,Vesuvius India Ltd.,VESUVIUS,Refractories,17359.75,31-03-2023,33234.83,66.08,24.78,3.19,0.73
481,Vidhi Specialty Food Ingredients Ltd.,VIDHIING,Chemicals,17359.75,31-03-2023,16282.07,7.58,43.01,6.48,1.07
482,Viji Finance Ltd.,VIJIFIN,Finance,17359.75,31-03-2023,173.25,0.06,35.36,1.43,0.97
483,Vikas Ecotech Ltd.,VIKASECO,Plastic products,17359.75,31-03-2023,2371.45,0.1,23.95,1.0,1.07
484,Vimta Labs Ltd.,VIMTALABS,Miscellaneous,17359.75,31-03-2023,6945.18,21.59,14.54,2.48,1.29
485,Vinati Organics Ltd.,VINATIORGA,Chemicals,17359.75,31-03-2023,185871.06,44.53,40.61,8.38,0.95
486,Vindhya Telelinks Ltd.,VINDHYATEL,Cables,17359.75,31-03-2023,20695.75,119.07,14.67,1.82,1.35
487,Visaka Industries Ltd.,VISAKAIND,Cement - Products,17359.75,31-03-2023,5908.36,32.52,10.51,0.76,1.49
488,Vishal Fabrics Ltd.,VISHAL,Textiles,17359.75,31-03-2023,3250.68,2.65,6.21,0.84,0.77
489,Vishnu Chemicals Ltd.,VISHNU,Chemicals,17359.75,31-03-2023,16133.1,20.97,12.88,4.66,1.33
490,Voltamp Transformers Ltd.,VOLTAMP,Capital Goods - Electrical Equipment,17359.75,31-03-2023,27239.84,195.79,13.75,2.46,0.93
491,Voltas Ltd.,VOLTAS,Consumer Durables,17359.75,31-03-2023,270746.44,10.47,78.12,4.0,1.1
492,W S Industries (India) Ltd.,WSI,Infrastructure Developers & Operators,17359.75,31-03-2023,1360.66,3.66,8.9,5.25,0.24
493,Wealth First Portfolio Managers Ltd.,WEALTH,Finance,17359.75,31-03-2023,3033.48,12.68,22.45,3.95,0.16
494,Weizmann Ltd.,WEIZMANIND,Textiles,17359.75,31-03-2023,1295.68,3.82,21.38,2.3,0.69
495,Welspun Corp Ltd.,WELCORP,Steel,17359.75,31-03-2023,52436.64,14.4,13.93,1.51,1.9
496,Welspun Enterprises Ltd.,WELENT,Construction,17359.75,31-03-2023,18830.37,12.28,10.22,0.76,1.52
497,Welspun India Ltd.,WELSPUNIND,Textiles,17359.75,31-03-2023,62889.92,1.54,41.46,1.74,1.4
498,Wendt (India) Ltd.,WENDT,Capital Goods-Non Electrical Equipment,17359.75,31-03-2023,17017.4,197.2,43.15,10.05,1.16
499,West Coast Paper Mills Ltd.,WSTCSTPAPR,Paper,17359.75,31-03-2023,35045.55,88.11,6.02,1.71,1.49
500,Wheels India Ltd.,WHEELS,Auto Ancillaries,17359.75,31-03-2023,10796.56,27.08,16.57,1.51,1.12
501,Wheels India Ltd.,WIPL,Miscellaneous,17359.75,31-03-2023,10796.56,27.08,16.57,1.51,1.12
502,Wipro Ltd.,WIPRO,IT - Software,17359.75,31-03-2023,2004461.95,17.55,20.81,3.19,0.78
503,Wonderla Holidays Ltd.,WONDERLA,Entertainment,17359.75,31-03-2023,24221.46,25.43,16.84,2.55,1.07
504,Worth Peripherals Ltd.,WORTH,Paper,17359.75,31-03-2023,1449.09,11.45,8.03,1.02,0.62
505,Xchanging Solutions Ltd.,XCHANGING,IT - Software,17359.75,31-03-2023,5926.68,1.02,52.4,2.1,1.27
506,Xpro India Ltd.,XPROINDIA,Plastic products,17359.75,31-03-2023,12602.87,24.24,28.55,6.23,1.43
507,Yes Bank Ltd.,YESBANK,Banks,17359.75,31-03-2023,432759.37,0.18,82.98,1.09,0.37
508,Zee Entertainment Enterprises Ltd.,ZEEL,Entertainment,17359.75,31-03-2023,203870.25,4.57,46.42,2.1,1.33
509,Zee Learn Ltd.,ZEELEARN,Computer Education,17359.75,31-03-2023,1059.8,0.9,3.6,1.85,1.06
510,Zen Technologies Ltd.,ZENTEC,IT - Software,17359.75,31-03-2023,26091.21,4.47,73.45,10.79,1.64
511,Zenith Exports Ltd.,ZENITHEXPO,Textiles,17359.75,31-03-2023,426.3,2.93,26.98,0.53,0.49
512,Zensar Technologies Ltd.,ZENSARTECH,IT - Software,17359.75,31-03-2023,62130.77,13.51,20.31,2.7,0.95
513,Zota Health Care Ltd.,ZOTA,Pharmaceuticals,17359.75,31-03-2023,7088.92,2.36,119.14,7.53,0.66
514,Zydus Wellness Ltd.,ZYDUSWELL,FMCG,17359.75,31-03-2023,98648.91,10.44,148.46,2.45,0.63
515,360 One Wam Ltd.,360ONE,Other fund based financial services,17359.75,31-03-2023,153367.77,13.92,30.93,6.64,1.17
516,3M India Ltd.,3MINDIA,"Plastic furniture, floorings & miscellaneous items",17359.75,31-03-2023,258689.38,356.84,64.35,13.28,0.83
517,A B B India Ltd.,ABB,"Generators, transformers & switchgears",17359.75,31-03-2023,713103.47,37.51,89.7,13.76,0.76
518,A C C Ltd.,ACC,Cement,17359.75,31-03-2023,313078.92,39.32,42.4,2.23,1.01
519,A I A Engineering Ltd.,AIAENG,Castings & forgings,17359.75,31-03-2023,273821.47,102.67,28.28,5.0,0.58
520,A P L Apollo Tubes Ltd.,APLAPOLLO,Steel pipes & tubes,17359.75,31-03-2023,334280.7,18.46,65.29,13.0,1.28
521,A U Small Finance Bank Ltd.,AUBANK,Banking services,17359.75,31-03-2023,386178.74,20.0,28.96,3.52,1.29
522,Aarti Drugs Ltd.,AARTIDRUGS,Drugs & pharmaceuticals,17359.75,31-03-2023,31275.65,16.5,20.47,2.8,0.95
523,Aarti Industries Ltd.,AARTIIND,Other chemical products,17359.75,31-03-2023,187831.47,14.59,35.5,3.82,1.0
524,Aavas Financiers Ltd.,AAVAS,Housing finance services,17359.75,31-03-2023,127340.86,54.36,29.63,3.89,0.87
525,Abbott India Ltd.,ABBOTINDIA,Drugs & pharmaceuticals,17359.75,31-03-2023,468862.66,440.34,50.11,14.7,0.41
526,Adani Energy Solutions Ltd.,ADANIENSOL,Wholesale trading,17359.75,31-03-2023,1107740.01,1.53,650.69,10.73,1.45
527,Adani Enterprises Ltd.,ADANIENT,Wholesale trading,17359.75,31-03-2023,1995514.96,14.79,118.33,14.32,1.89
528,Adani Power Ltd.,ADANIPOWER,Conventional electricity,17359.75,31-03-2023,738989.5,10.19,18.8,5.77,1.89
529,Adani Total Gas Ltd.,ATGL,Natural gas trading & distribution,17359.75,31-03-2023,954360.2,4.83,179.74,32.48,1.4
530,Aditya Birla Capital Ltd.,ABCAPITAL,Other fund based financial services,17359.75,31-03-2023,371282.99,0.57,269.32,3.68,1.59
531,Aditya Birla Fashion & Retail Ltd.,ABFRL,Retail trading,17359.75,31-03-2023,203365.78,1.37,156.08,6.14,1.1
532,Aegis Logistics Ltd.,AEGISCHEM,Storage & distribution,17359.75,31-03-2023,133011.45,10.87,34.87,6.12,1.06
533,Affle (India) Ltd.,AFFLE,Business services & consultancy,17359.75,31-03-2023,131532.12,5.0,197.29,14.47,1.4
534,Ajanta Pharma Ltd.,AJANTPHARM,Drugs & pharmaceuticals,17359.75,31-03-2023,154877.69,45.35,26.65,4.77,0.6
535,Akzo Nobel India Ltd.,AKZOINDIA,Paints & varnishes,17359.75,31-03-2023,104767.77,70.16,32.79,7.97,0.61
536,Alembic Pharmaceuticals Ltd.,APLLTD,Drugs & pharmaceuticals,17359.75,31-03-2023,97564.11,17.59,28.22,2.21,0.51
537,Alkem Laboratories Ltd.,ALKEM,Drugs & pharmaceuticals,17359.75,31-03-2023,406054.7,95.83,35.44,4.34,0.43
538,Alkyl Amines Chemicals Ltd.,ALKYLAMINE,Organic chemicals,17359.75,31-03-2023,110142.29,45.44,47.43,9.42,1.03
539,Amara Raja Batteries Ltd.,AMARAJABAT,Storage batteries,17359.75,31-03-2023,98917.52,44.03,13.15,1.87,1.0
540,Amber Enterprises India Ltd.,AMBER,Air-conditioners & refrigerators,17359.75,31-03-2023,61477.58,14.1,129.4,3.71,0.75
541,Ambuja Cements Ltd.,AMBUJACEM,Cement,17359.75,31-03-2023,725852.61,9.52,38.42,3.09,1.06
542,Angel One Ltd.,ANGELONE,Securities broking,17359.75,31-03-2023,97004.65,104.41,11.14,4.59,1.53
543,Anupam Rasayan India Ltd.,ANURAS,Other chemical products,17359.75,31-03-2023,92994.51,15.68,55.18,3.91,0.91
544,Apar Industries Ltd.,APARINDS,"Lubricants, etc.",17359.75,31-03-2023,95859.06,155.3,16.13,4.65,0.66
545,Apollo Hospitals Enterprise Ltd.,APOLLOHOSP,Health services,17359.75,31-03-2023,619841.28,75.7,56.94,8.95,0.61
546,Apollo Tyres Ltd.,APOLLOTYRE,Tyres & tubes,17359.75,31-03-2023,203168.79,9.05,35.33,2.05,1.63
547,Asahi India Glass Ltd.,ASAHIINDIA,Glass & glassware,17359.75,31-03-2023,109913.11,15.11,29.92,5.17,1.25
548,Ashok Leyland Ltd.,ASHOKLEY,Commercial vehicles,17359.75,31-03-2023,408708.92,4.82,28.89,4.85,1.61
549,Asian Paints Ltd.,ASIANPAINT,Paints & varnishes,17359.75,31-03-2023,2648968.58,42.36,65.19,17.0,0.69
550,Aster D M Healthcare Ltd.,ASTERDM,Health services,17359.75,31-03-2023,120232.79,3.59,66.98,4.34,0.92
551,Astral Ltd.,ASTRAL,"Plastic tubes, pipes, fittings & sheets",17359.75,31-03-2023,359133.67,16.78,79.67,13.41,0.9
552,Astrazeneca Pharma India Ltd.,ASTRAZEN,Wholesale trading,17359.75,31-03-2023,81320.0,39.72,81.9,13.77,0.53
553,Atul Ltd.,ATUL,Other chemical products,17359.75,31-03-2023,205387.7,185.07,37.6,4.48,0.71
554,Aurobindo Pharma Ltd.,AUROPHARMA,Drugs & pharmaceuticals,17359.75,31-03-2023,303574.79,20.68,25.05,1.69,0.98
555,Avanti Feeds Ltd.,AVANTIFEED,Vegetable oils & products,17359.75,31-03-2023,46248.58,16.96,20.01,2.62,1.24
556,Axis Bank Ltd.,AXISBANK,Banking services,17359.75,31-03-2023,2641477.45,18.55,46.28,2.11,1.48
557,B A S F India Ltd.,BASF,Diversified,17359.75,31-03-2023,98500.8,86.92,26.18,3.65,0.69
558,Bajaj Auto Ltd.,BAJAJ-AUTO,Two & three wheelers,17359.75,31-03-2023,1099218.6,195.4,19.88,4.32,0.79
559,Bajaj Electricals Ltd.,BAJAJELEC,Wholesale trading,17359.75,31-03-2023,121048.06,12.96,81.15,6.17,1.25
560,Bajaj Finance Ltd.,BAJFINANCE,Other asset financing services,17359.75,31-03-2023,3400544.64,152.09,36.93,6.6,1.53
561,Bajaj Finserv Ltd.,BAJAJFINSV,Other fund based financial services,17359.75,31-03-2023,2017300.78,4.6,275.43,38.44,1.39
562,Bajaj Holdings & Invst. Ltd.,BAJAJHLDNG,Other fund based financial services,17359.75,31-03-2023,658868.71,153.74,38.51,4.21,1.01
563,Balaji Amines Ltd.,BALAMINES,Organic chemicals,17359.75,31-03-2023,62964.86,69.66,27.9,4.5,1.76
564,Balkrishna Industries Ltd.,BALKRISIND,Tyres & tubes,17359.75,31-03-2023,377248.83,55.72,35.03,4.97,1.23
565,Balrampur Chini Mills Ltd.,BALRAMCHIN,Sugar,17359.75,31-03-2023,79842.26,13.84,28.6,2.78,1.08
566,Bank Of Baroda,BANKBARODA,Banking services,17359.75,31-03-2023,873184.5,27.86,6.06,0.95,1.53
567,Bank Of India,BANKINDIA,Banking services,17359.75,31-03-2023,306331.21,9.32,8.01,0.59,1.61
568,Bank Of Maharashtra,MAHABANK,Banking services,17359.75,31-03-2023,166579.79,3.67,6.75,1.18,1.14
569,Bata India Ltd.,BATAINDIA,Retail trading,17359.75,31-03-2023,182297.04,25.03,56.68,12.71,0.96
570,Bayer Cropscience Ltd.,BAYERCROP,Pesticides,17359.75,31-03-2023,183258.12,145.34,28.06,6.76,0.73
571,Berger Paints India Ltd.,BERGEPAINT,Paints & varnishes,17359.75,31-03-2023,565076.46,8.49,68.55,13.16,0.86
572,Bharat Dynamics Ltd.,BDL,Communication equipment,17359.75,31-03-2023,181210.17,19.21,51.46,5.64,1.14
573,Bharat Electronics Ltd.,BEL,Communication equipment,17359.75,31-03-2023,713068.92,3.93,24.84,5.25,1.01
574,Bharat Forge Ltd.,BHARATFORG,Other automobile ancillaries,17359.75,31-03-2023,358712.76,22.25,34.62,4.66,1.48
575,Bharat Petroleum Corpn. Ltd.,BPCL,Refinery,17359.75,31-03-2023,746873.72,14.55,23.66,1.44,1.07
576,Bharti Airtel Ltd.,BHARTIARTL,Telecommunication services,17359.75,31-03-2023,4469599.31,6.99,107.21,5.67,0.74
577,Birlasoft Ltd.,BSOFT,Computer software,17359.75,31-03-2023,71782.44,7.32,35.69,5.88,1.39
578,Blue Dart Express Ltd.,BLUEDART,Transport logistics services,17359.75,31-03-2023,147420.47,157.0,39.57,11.7,0.79
579,Blue Star Ltd.,BLUESTARCO,Air-conditioners & refrigerators,17359.75,31-03-2023,132831.3,18.04,76.44,10.39,1.01
580,Bombay Burmah Trdg. Corpn. Ltd.,BBTC,Tea,17359.75,31-03-2023,56609.43,27.95,29.03,26.75,1.33
581,Borosil Renewables Ltd.,BORORENEW,Glass & glassware,17359.75,31-03-2023,53615.18,6.79,60.53,6.11,1.51
582,Bosch Ltd.,BOSCHLTD,Other automobile ancillaries,17359.75,31-03-2023,571288.86,484.1,40.01,5.19,1.22
583,Brigade Enterprises Ltd.,BRIGADE,Housing construction,17359.75,31-03-2023,109528.31,16.46,28.84,2.79,1.29
584,Britannia Industries Ltd.,BRITANNIA,Bakery products,17359.75,31-03-2023,1041068.91,79.33,54.48,32.73,0.66
585,C C L Products (India) Ltd.,CCL,Coffee,17359.75,31-03-2023,75513.3,12.61,45.01,6.9,0.82
586,C E S C Ltd.,CESC,Wholesale trading,17359.75,31-03-2023,88349.27,6.0,11.11,0.89,0.9
587,C G Power & Indl. Solutions Ltd.,CGPOWER,"Generators, transformers & switchgears",17359.75,31-03-2023,458215.79,4.76,63.04,18.86,1.29
588,C I E Automotive India Ltd.,CIEINDIA,Other automobile ancillaries,17359.75,31-03-2023,133080.32,13.52,25.94,2.84,1.13
589,C S B Bank Ltd.,CSBBANK,Banking services,17359.75,31-03-2023,42521.38,27.27,8.99,1.39,1.01
590,Can Fin Homes Ltd.,CANFINHOME,Housing finance services,17359.75,31-03-2023,70465.16,46.84,11.3,1.93,1.28
591,Caplin Point Laboratories Ltd.,CAPLIPOINT,Drugs & pharmaceuticals,17359.75,31-03-2023,45234.24,30.86,19.31,3.99,1.07
592,Capri Global Capital Ltd.,CGCL,Other fund based financial services,17359.75,31-03-2023,136297.95,6.87,96.23,4.04,0.73
593,Carborundum Universal Ltd.,CARBORUNIV,Other construction materials,17359.75,31-03-2023,187227.78,16.08,61.3,9.34,1.04
594,Castrol India Ltd.,CASTROLIND,"Lubricants, etc.",17359.75,31-03-2023,109743.13,7.93,14.0,5.25,0.77
595,Ceat Ltd.,CEATLTD,Tyres & tubes,17359.75,31-03-2023,58674.88,49.49,29.31,1.75,1.18
596,Central Bank Of India Ltd.,CENTRALBK,Banking services,17359.75,31-03-2023,209210.64,1.57,15.36,0.82,1.24
597,Century Plyboards (India) Ltd.,CENTURYPLY,Wood & wood products,17359.75,31-03-2023,103577.05,16.51,28.23,5.46,1.28
598,Century Textiles & Inds. Ltd.,CENTURYTEX,Paper & newsprint,17359.75,31-03-2023,70815.06,20.2,31.39,1.69,1.59
599,Cera Sanitaryware Ltd.,CERA,Wholesale trading,17359.75,31-03-2023,83277.26,158.88,40.3,7.12,0.62
600,Chalet Hotels Ltd.,CHALET,Hotels & restaurants,17359.75,31-03-2023,74454.78,4.31,84.35,4.98,1.05
601,Chambal Fertilisers & Chemicals Ltd.,CHAMBLFERT,Wholesale trading,17359.75,31-03-2023,109920.49,23.67,11.16,1.6,0.97
602,Chemplast Sanmar Ltd.,CHEMPLASTS,Polymers,17359.75,31-03-2023,54998.42,10.8,32.21,1.94,0.92
603,Cholamandalam Financial Holdings Ltd.,CHOLAHLDNG,Other fund based financial services,17359.75,31-03-2023,102282.38,3.08,176.75,8.27,0.92
604,Cholamandalam Investment & Finance Co. Ltd.,CHOLAFIN,Auto finance services,17359.75,31-03-2023,625819.32,29.76,25.58,4.38,1.63
605,Cipla Ltd.,CIPLA,Drugs & pharmaceuticals,17359.75,31-03-2023,726839.11,30.95,29.09,2.95,0.47
606,City Union Bank Ltd.,CUB,Banking services,17359.75,31-03-2023,93181.4,11.99,10.5,1.25,1.14
607,Coal India Ltd.,COALINDIA,Other fund based financial services,17359.75,31-03-2023,1316666.91,24.02,8.9,7.82,0.87
608,Cochin Shipyard Ltd.,COCHINSHIP,Other transport equipment & ancillaries,17359.75,31-03-2023,62580.34,20.73,22.95,1.4,0.9
609,Coforge Ltd.,COFORGE,Computer software,17359.75,31-03-2023,232992.23,120.27,31.71,8.91,0.89
610,Colgate-Palmolive (India) Ltd.,COLPAL,"Cosmetics, toiletries, soaps & detergents",17359.75,31-03-2023,409977.55,38.87,38.78,23.89,0.41
611,Computer Age Mgmt. Services Ltd.,CAMS,ITES,17359.75,31-03-2023,99503.54,55.38,36.67,13.67,0.77
612,Container Corpn. Of India Ltd.,CONCOR,Railway transport services,17359.75,31-03-2023,353543.05,19.21,30.21,3.15,1.1
613,Coromandel International Ltd.,COROMANDEL,Fertilisers,17359.75,31-03-2023,258511.59,68.7,12.8,3.29,0.52
614,Creditaccess Grameen Ltd.,CREDITACC,Other fund based financial services,17359.75,31-03-2023,145431.18,47.97,19.08,2.85,1.41
615,Crisil Ltd.,CRISIL,Business services & consultancy,17359.75,31-03-2023,235205.23,53.43,60.24,23.23,0.77
616,Crompton Greaves Consumer Electricals Ltd.,CROMPTON,Other domestic appliances,17359.75,31-03-2023,186380.15,7.13,41.12,6.57,0.75
617,D C M Shriram Ltd.,DCMSHRIRAM,Other chemical products,17359.75,31-03-2023,116551.27,56.42,13.25,1.86,1.07
618,D L F Ltd.,DLF,Housing construction,17359.75,31-03-2023,882943.69,8.99,39.7,3.07,1.69
619,Dalmia Bharat Ltd.,DALBHARAT,Other fund based financial services,17359.75,31-03-2023,369008.22,10.4,189.23,4.7,1.28
620,Deepak Fertilisers & Petrochemicals Corpn. Ltd.,DEEPAKFERT,Other chemical products,17359.75,31-03-2023,69266.69,22.05,24.89,2.31,1.26
621,Divi'S Laboratories Ltd.,DIVISLAB,Drugs & pharmaceuticals,17359.75,31-03-2023,749510.72,68.13,41.44,5.9,0.76
622,Dr. Lal Pathlabs Ltd.,LALPATHLAB,Health services,17359.75,31-03-2023,152404.82,34.95,52.3,8.96,0.67
623,Dr. Reddy'S Laboratories Ltd.,DRREDDY,Drugs & pharmaceuticals,17359.75,31-03-2023,769816.74,158.6,29.15,3.76,0.53
624,E I D-Parry (India) Ltd.,EIDPARRY,Sugar,17359.75,31-03-2023,83202.49,17.14,27.35,2.89,1.0
625,E I H Ltd.,EIHOTEL,Hotels & restaurants,17359.75,31-03-2023,103591.58,5.73,28.9,3.32,1.5
626,E P L Ltd.,EPL,Plastic packaging goods,17359.75,31-03-2023,51613.64,5.25,30.89,5.74,0.74
627,Easy Trip Planners Ltd.,EASEMYTRIP,Diversified non-financial services,17359.75,31-03-2023,75790.75,0.84,51.62,19.61,2.32
628,Eclerx Services Ltd.,ECLERX,ITES,17359.75,31-03-2023,63262.32,76.26,16.92,5.45,1.1
629,Escorts Kubota Ltd.,ESCORTS,Agricultural machinery,17359.75,31-03-2023,249506.28,53.0,35.68,2.96,1.09
630,F D C Ltd.,FDC,Drugs & pharmaceuticals,17359.75,31-03-2023,42522.75,12.11,21.16,2.11,0.84
631,Fine Organic Inds. Ltd.,FINEORG,Other chemical products,17359.75,31-03-2023,132049.45,192.52,22.37,8.68,0.73
632,G A I L (India) Ltd.,GAIL,Natural gas trading & distribution,17359.75,31-03-2023,691371.73,7.84,13.41,1.24,1.06
633,G M M Pfaudler Ltd.,GMMPFAUDLR,Industrial machinery,17359.75,31-03-2023,65907.29,17.63,83.13,9.31,0.92
634,Galaxy Surfactants Ltd.,GALAXYSURF,"Cosmetics, toiletries, soaps & detergents",17359.75,31-03-2023,82588.3,60.52,38.49,6.75,0.78
635,Garware Technical Fibres Ltd.,GARFIBRES,Other textiles,17359.75,31-03-2023,59303.53,78.09,37.27,5.78,0.78
636,Gland Pharma Ltd.,GLAND,Drugs & pharmaceuticals,17359.75,31-03-2023,208881.82,47.06,26.95,2.63,0.59
637,Glaxosmithkline Pharmaceuticals Ltd.,GLAXO,Drugs & pharmaceuticals,17359.75,31-03-2023,224420.64,35.75,37.05,12.8,0.56
638,Graphite India Ltd.,GRAPHITE,Refractories,17359.75,31-03-2023,51295.86,17.77,14.77,1.11,1.67
639,Grasim Industries Ltd.,GRASIM,Man-made filaments & fibres,17359.75,31-03-2023,1075022.13,33.72,48.41,2.29,1.25
640,Great Eastern Shipping Co. Ltd.,GESHIP,Shipping transport services,17359.75,31-03-2023,92020.57,156.56,4.12,1.08,0.83
641,Gujarat Fluorochemicals Ltd.,FLUOROCHEM,Other chemical products,17359.75,31-03-2023,331768.97,123.4,24.48,6.0,1.41
642,H C L Technologies Ltd.,HCLTECH,Computer software,17359.75,31-03-2023,2945005.05,41.62,26.08,7.16,0.81
643,H D F C Asset Mgmt. Co. Ltd.,HDFCAMC,Asset management services (mutual funds),17359.75,31-03-2023,364497.4,66.71,25.6,5.97,1.08
644,H D F C Bank Ltd.,HDFCBANK,Banking services,17359.75,31-03-2023,8980875.0,72.3,22.26,3.21,0.93
645,H E G Ltd.,HEG,Refractories,17359.75,31-03-2023,35534.88,116.44,7.91,0.87,1.76
646,H F C L Ltd.,HFCL,Industrial construction,17359.75,31-03-2023,83974.37,1.85,32.98,2.84,1.45
647,H L E Glascoat Ltd.,HLEGLAS,Other ferrous metal products,17359.75,31-03-2023,34460.41,7.97,63.32,10.9,1.22
648,Happiest Minds Technologies Ltd.,HAPPSTMNDS,Computer software,17359.75,31-03-2023,112769.18,14.68,52.32,13.64,1.19
649,Hatsun Agro Product Ltd.,HATSUN,Dairy products,17359.75,31-03-2023,187643.14,7.2,116.98,13.02,0.78
650,Hero Motocorp Ltd.,HEROMOTOCO,Two & three wheelers,17359.75,31-03-2023,469093.76,145.6,16.12,2.81,0.98
651,Hikal Ltd.,HIKAL,Drugs & pharmaceuticals,17359.75,31-03-2023,34727.66,6.36,44.31,3.06,1.3
652,Hitachi Energy India Ltd.,POWERINDIA,"Generators, transformers & switchgears",17359.75,31-03-2023,141698.89,18.51,180.67,11.66,0.33
653,Home First Finance Co. India Ltd.,HOMEFIRST,Housing finance services,17359.75,31-03-2023,65356.85,26.0,28.56,3.6,0.6
654,Housing & Urban Devp. Corpn. Ltd.,HUDCO,Other asset financing services,17359.75,31-03-2023,86582.18,8.12,5.32,0.56,1.44
655,I C I C I Bank Ltd.,ICICIBANK,Banking services,17359.75,31-03-2023,6125675.1,44.55,19.69,3.1,1.38
656,I C I C I Securities Ltd.,ISEC,Diversified financial services,17359.75,31-03-2023,138203.53,34.21,12.51,4.96,1.24
657,I D F C First Bank Ltd.,IDFCFIRSTB,Banking services,17359.75,31-03-2023,364327.61,1.38,39.78,1.42,1.57
658,I D F C Ltd.,IDFC,Other fund based financial services,17359.75,31-03-2023,125678.78,12.67,6.2,1.32,1.54
659,I F B Industries Ltd.,IFBIND,Other domestic appliances,17359.75,31-03-2023,29882.61,3.59,205.24,4.56,1.18
660,I I F L Finance Ltd.,IIFL,Other fund based financial services,17359.75,31-03-2023,185688.07,18.31,26.66,3.63,1.46
661,I R B Infrastructure Developers Ltd.,IRB,Infrastructural construction,17359.75,31-03-2023,151880.85,0.62,40.8,1.73,1.72
662,I T C Ltd.,ITC,Tobacco products,17359.75,31-03-2023,4766144.8,15.05,25.49,7.05,0.59
663,Indiabulls Housing Finance Ltd.,IBULHSGFIN,Housing finance services,17359.75,31-03-2023,45909.93,14.13,6.89,0.29,2.4
664,Indiamart Intermesh Ltd.,INDIAMART,Online marketplaces,17359.75,31-03-2023,153677.51,90.23,55.63,7.44,0.91
665,Indian Hotels Co. Ltd.,INDHOTEL,Hotels & restaurants,17359.75,31-03-2023,460706.85,6.04,53.66,5.21,1.28
666,Indian Oil Corpn. Ltd.,IOC,Refinery,17359.75,31-03-2023,1100044.47,5.85,13.31,0.81,0.98
667,Indian Railway Catering & Tourism Corpn. Ltd.,IRCTC,Railway transport services,17359.75,31-03-2023,458240.0,12.27,46.68,18.49,1.18
668,Indian Railway Finance Corpn. Ltd.,IRFC,Other asset financing services,17359.75,31-03-2023,347622.26,4.82,5.51,0.76,0.74
669,Indigo Paints Ltd.,INDIGOPNTS,Paints & varnishes,17359.75,31-03-2023,47985.64,24.09,41.86,6.18,0.57
670,Indus Towers Ltd.,INDUSTOWER,Telecommunication services,17359.75,31-03-2023,385375.98,9.4,15.22,1.82,0.83
671,Indusind Bank Ltd.,INDUSINDBK,Banking services,17359.75,31-03-2023,828617.28,95.28,11.21,1.53,2.06
672,Ingersoll-Rand (India) Ltd.,INGERRAND,General purpose machinery,17359.75,31-03-2023,82675.01,57.69,45.39,14.3,0.69
673,Ipca Laboratories Ltd.,IPCALAB,Drugs & pharmaceuticals,17359.75,31-03-2023,205589.21,19.23,42.13,3.5,0.5
674,Ircon International Ltd.,IRCON,Industrial construction,17359.75,31-03-2023,52668.88,7.01,7.99,1.02,0.83
675,J B Chemicals & Pharmaceuticals Ltd.,JBCHEPHARM,Drugs & pharmaceuticals,17359.75,31-03-2023,152925.19,50.18,39.38,6.26,0.61
676,J B M Auto Ltd.,JBMA,Other automobile ancillaries,17359.75,31-03-2023,76151.15,10.29,62.59,7.61,1.52
677,J K Cement Ltd.,JKCEMENT,Cement,17359.75,31-03-2023,225909.19,74.41,39.29,4.81,1.08
678,J K Lakshmi Cement Ltd.,JKLAKSHMI,Cement,17359.75,31-03-2023,93124.09,28.16,28.1,3.42,1.14
679,J K Paper Ltd.,JKPAPER,Paper & newsprint,17359.75,31-03-2023,64660.87,54.09,7.06,1.71,1.5
680,J M Financial Ltd.,JMFINANCIL,Other fund based financial services,17359.75,31-03-2023,56906.31,2.81,21.18,1.49,1.36
681,J S W Energy Ltd.,JSWENERGY,Conventional electricity,17359.75,31-03-2023,396120.13,3.41,70.55,2.91,1.1
682,J S W Steel Ltd.,JSWSTEEL,Steel,17359.75,31-03-2023,1663289.38,19.57,35.16,2.62,1.39
683,Jamna Auto Inds. Ltd.,JAMNAAUTO,Other automobile ancillaries,17359.75,31-03-2023,39743.6,3.78,26.34,5.15,1.37
684,Jubilant Ingrevia Ltd.,JUBLINGREA,Drugs & pharmaceuticals,17359.75,31-03-2023,57333.25,16.0,22.5,2.66,1.61
685,Jubilant Pharmova Ltd.,JUBLPHARMA,Other fund based financial services,17359.75,31-03-2023,44415.55,3.23,86.34,1.84,1.41
686,K E C International Ltd.,KEC,Other construction & allied activities,17359.75,31-03-2023,117322.28,8.73,52.26,2.96,1.05
687,K N R Constructions Ltd.,KNRCON,Infrastructural construction,17359.75,31-03-2023,71349.22,13.95,18.19,2.61,1.05
688,K P I T Technologies Ltd.,KPITTECH,Computer software,17359.75,31-03-2023,253610.44,10.2,90.74,18.28,1.24
689,K P R Mill Ltd.,KPRMILL,Other textiles,17359.75,31-03-2023,197602.67,17.74,32.59,6.65,1.08
690,K R B L Ltd.,KRBL,Other agricultural products,17359.75,31-03-2023,81397.82,29.77,11.62,1.74,1.16
691,K S B Ltd.,KSB,General purpose machinery,17359.75,31-03-2023,72915.47,51.13,40.97,6.44,0.9
692,Kalpataru Projects Intl. Ltd.,KPIL,Infrastructural construction,17359.75,31-03-2023,86786.86,29.59,18.06,1.63,1.22
693,Kalyan Jewellers India Ltd.,KALYANKJIL,Gems & jewellery,17359.75,31-03-2023,108516.09,4.1,25.7,2.96,0.88
694,Kei Industries Ltd.,KEI,Wires & cables,17359.75,31-03-2023,153205.38,52.36,32.44,5.92,1.37
695,L & T Technology Services Ltd.,LTTS,Business services & consultancy,17359.75,31-03-2023,356802.39,105.38,32.06,7.61,1.05
696,L I C Housing Finance Ltd.,LICHSGFIN,Housing finance services,17359.75,31-03-2023,180833.21,52.56,6.26,0.67,1.46
697,La Opala R G Ltd.,LAOPALA,Other consumer goods,17359.75,31-03-2023,37684.5,11.08,30.64,4.53,0.95
698,Laxmi Organic Inds. Ltd.,LXCHEM,Organic chemicals,17359.75,31-03-2023,59068.0,4.99,44.67,4.16,1.52
699,Ltimindtree Ltd.,LTIM,Computer software,17359.75,31-03-2023,1408012.89,140.22,33.94,8.8,0.88
700,M A S Financial Services Ltd.,MASFIN,Other fund based financial services,17359.75,31-03-2023,43811.63,36.29,22.08,2.91,1.29
701,M R F Ltd.,MRF,Tyres & tubes,17359.75,31-03-2023,356456.19,1803.17,46.61,2.46,0.78
702,Macrotech Developers Ltd.,LODHA,Housing construction,17359.75,31-03-2023,448208.19,30.81,30.2,3.69,1.71
703,Mangalore Refinery & Petrochemicals Ltd.,MRPL,Refinery,17359.75,31-03-2023,92099.07,14.57,3.61,0.94,1.06
704,Max Healthcare Institute Ltd.,MAXHEALTH,Health services,17359.75,31-03-2023,428274.06,7.15,61.68,6.11,0.65
705,Mazagon Dock Shipbuilders Ltd.,MAZDOCK,Other transport equipment & ancillaries,17359.75,31-03-2023,133730.55,53.24,12.45,3.2,1.5
706,Mphasis Ltd.,MPHASIS,Computer software,17359.75,31-03-2023,338319.38,74.96,23.96,6.75,0.67
707,Multi Commodity Exchange Of India Ltd.,MCX,Other fee based financial services,17359.75,31-03-2023,77339.03,25.44,59.6,4.85,0.97
708,N B C C (India) Ltd.,NBCC,Housing construction,17359.75,31-03-2023,63810.0,1.26,28.1,3.33,1.74
709,N C C Ltd.,NCC,Infrastructural construction,17359.75,31-03-2023,66614.52,8.3,12.79,1.05,1.93
710,N H P C Ltd.,NHPC,Conventional electricity,17359.75,31-03-2023,403810.4,3.22,12.48,1.14,0.6
711,N L C India Ltd.,NLCINDIA,Conventional electricity,17359.75,31-03-2023,106979.01,4.68,16.5,0.73,0.85
712,N M D C Ltd.,NMDC,Minerals,17359.75,31-03-2023,326909.08,15.23,7.32,1.46,1.24
713,N T P C Ltd.,NTPC,Conventional electricity,17359.75,31-03-2023,1697886.24,12.71,13.77,1.22,0.81
714,National Aluminium Co. Ltd.,NATIONALUM,Aluminium & aluminium products,17359.75,31-03-2023,143991.93,7.84,10.0,1.09,1.2
715,Navin Fluorine Intl. Ltd.,NAVINFLUOR,Inorganic chemicals,17359.75,31-03-2023,211698.64,62.36,68.49,9.89,0.91
716,Nippon Life India Asset Mgmt. Ltd.,NAM-INDIA,Asset management services (mutual funds),17359.75,31-03-2023,130898.0,11.47,18.32,3.84,1.23
717,Nocil Ltd.,NOCIL,Other chemical products,17359.75,31-03-2023,34436.75,8.86,23.33,2.24,1.38
718,Oil & Natural Gas Corpn. Ltd.,ONGC,Crude oil & natural gas,17359.75,31-03-2023,1900251.17,34.26,4.41,0.74,1.06
719,P C B L Ltd.,PCBL,Inorganic chemicals,17359.75,31-03-2023,43823.41,11.79,9.85,1.55,1.38
720,P I Industries Ltd.,PIIND,Pesticides,17359.75,31-03-2023,459736.24,80.23,37.77,6.48,0.99
721,P N C Infratech Ltd.,PNCINFRA,Infrastructural construction,17359.75,31-03-2023,74114.16,23.84,12.12,1.88,1.49
722,Patanjali Foods Ltd.,PATANJALI,Vegetable oils & products,17359.75,31-03-2023,350845.41,24.49,39.58,6.27,-0.17
723,Petronet L N G Ltd.,PETRONET,Natural gas trading & distribution,17359.75,31-03-2023,343275.02,21.6,10.6,2.3,0.71
724,Phoenix Mills Ltd.,PHOENIXLTD,Other construction & allied activities,17359.75,31-03-2023,232361.32,13.55,96.03,4.8,0.93
725,Polycab India Ltd.,POLYCAB,Wires & cables,17359.75,31-03-2023,431331.49,84.01,34.28,6.53,1.02
726,Power Finance Corpn. Ltd.,PFC,Infrastructure finance services,17359.75,31-03-2023,400632.35,42.44,3.58,0.59,1.2
727,Power Grid Corpn. Of India Ltd.,POWERGRID,Electricity transmission,17359.75,31-03-2023,1574359.71,21.86,10.32,1.9,0.54
728,Praj Industries Ltd.,PRAJIND,Industrial machinery,17359.75,31-03-2023,62646.16,12.71,26.83,5.88,1.3
729,Prince Pipes & Fittings Ltd.,PRINCEPIPE,"Plastic tubes, pipes, fittings & sheets",17359.75,31-03-2023,59979.39,10.91,49.71,4.4,1.4
730,Privi Speciality Chemicals Ltd.,PRIVISCL,Inorganic chemicals,17359.75,31-03-2023,41078.34,5.9,178.37,4.99,0.85
731,Procter & Gamble Hygiene & Health Care Ltd.,PGHH,"Cosmetics, toiletries, soaps & detergents",17359.75,31-03-2023,433014.86,158.56,84.13,54.55,0.41
732,R B L Bank Ltd.,RBLBANK,Banking services,17359.75,31-03-2023,84599.05,11.03,12.79,0.62,1.8
733,R E C Ltd.,RECLTD,Infrastructure finance services,17359.75,31-03-2023,304005.71,41.43,2.79,0.53,1.19
734,R H I Magnesita India Ltd.,RHIM,Diversified non-financial services,17359.75,31-03-2023,118494.09,12.49,50.47,5.22,1.15
735,Ramco Cements Ltd.,RAMCOCEM,Cement,17359.75,31-03-2023,178790.63,14.54,52.03,2.63,1.04
736,Rashtriya Chemicals & Fertilizers Ltd.,RCF,Fertilisers,17359.75,31-03-2023,52603.46,15.07,6.33,1.14,1.61
737,Redington Ltd.,REDINGTON,Wholesale trading,17359.75,31-03-2023,130247.1,13.71,12.15,4.19,1.12
738,Relaxo Footwears Ltd.,RELAXO,Footwear,17359.75,31-03-2023,211834.29,6.27,135.63,11.42,0.76
739,Rites Ltd.,RITES,Diversified non-financial services,17359.75,31-03-2023,85199.03,21.71,16.33,3.4,0.8
740,Rossari Biotech Ltd.,ROSSARI,Other chemical products,17359.75,31-03-2023,32878.19,12.67,47.06,3.83,0.73
741,Route Mobile Ltd.,ROUTE,Other miscellaneous services,17359.75,31-03-2023,85291.19,14.39,94.95,7.52,0.92
742,S B I Cards & Payment Services Ltd.,SBICARD,Other fund based financial services,17359.75,31-03-2023,700284.26,17.65,41.94,7.12,0.84
743,S I S Ltd.,SIS,Business services & consultancy,17359.75,31-03-2023,46728.15,13.05,24.56,4.94,0.59
744,S J V N Ltd.,SJVN,Conventional electricity,17359.75,31-03-2023,130665.69,3.61,9.21,0.95,0.55
745,S K F India Ltd.,SKFINDIA,Diversified non-financial services,17359.75,31-03-2023,210395.61,109.54,38.85,8.99,0.8
746,S R F Ltd.,SRF,Other chemical products,17359.75,31-03-2023,714932.21,65.45,36.85,7.73,1.07
747,Samvardhana Motherson Intl. Ltd.,MOTHERSON,Other automobile ancillaries,17359.75,31-03-2023,454697.87,1.24,54.02,1.45,1.78
748,Sheela Foam Ltd.,SFL,Rubber products,17359.75,31-03-2023,96970.47,19.66,50.55,6.95,0.7
749,Shriram Finance Ltd.,SHRIRAMFIN,Auto finance services,17359.75,31-03-2023,471553.71,150.25,8.38,1.09,1.74
750,State Bank Of India,SBIN,Banking services,17359.75,31-03-2023,4674265.5,48.31,10.84,1.56,1.49
751,Steel Authority Of India Ltd.,SAIL,Steel,17359.75,31-03-2023,341594.44,3.98,20.76,0.65,1.68
752,Sterlite Technologies Ltd.,STLTECH,Wires & cables,17359.75,31-03-2023,58810.54,8.88,16.61,3.12,1.23
753,Sumitomo Chemical India Ltd.,SUMICHEM,Pesticides,17359.75,31-03-2023,212686.0,9.76,43.65,8.94,0.88
754,Sun Pharmaceutical Inds. Ltd.,SUNPHARMA,Drugs & pharmaceuticals,17359.75,31-03-2023,2358786.21,19.08,51.54,9.93,0.68
755,Sun T V Network Ltd.,SUNTV,Media-broadcasting,17359.75,31-03-2023,163880.09,42.65,9.75,1.79,1.18
756,Suven Pharmaceuticals Ltd.,SUVENPHAR,Drugs & pharmaceuticals,17359.75,31-03-2023,120256.49,16.91,27.94,6.87,1.15
757,T C I Express Ltd.,TCIEXP,Road transport services,17359.75,31-03-2023,57197.38,36.45,40.96,9.59,1.06
758,T T K Prestige Ltd.,TTKPRESTIG,Diversified manufacturing,17359.75,31-03-2023,96911.99,18.76,37.27,5.09,0.86
759,T V S Motor Co. Ltd.,TVSMOTOR,Two & three wheelers,17359.75,31-03-2023,511763.84,31.3,34.41,8.46,1.06
760,Tata Consumer Products Ltd.,TATACONSUM,Tea,17359.75,31-03-2023,658529.91,10.54,67.25,5.17,0.93
761,Tata Investment Corpn. Ltd.,TATAINVEST,Other fund based financial services,17359.75,31-03-2023,88273.61,47.62,36.64,0.45,0.9
762,Tata Power Co. Ltd.,TATAPOWER,Conventional electricity,17359.75,31-03-2023,607913.35,7.62,24.96,4.44,1.44
763,Teamlease Services Ltd.,TEAMLEASE,Business services & consultancy,17359.75,31-03-2023,38287.36,44.08,50.81,4.92,0.82
764,Tube Investments Of India Ltd.,TIINDIA,Steel pipes & tubes,17359.75,31-03-2023,491802.13,37.0,68.83,14.94,1.17
765,Tv18 Broadcast Ltd.,TV18BRDCST,Media-broadcasting,17359.75,31-03-2023,49287.85,0.0,6941.95,1.59,1.45
766,U P L Ltd.,UPL,Pesticides,17359.75,31-03-2023,538673.57,13.32,53.87,7.35,1.28
767,U T I Asset Mgmt. Co. Ltd.,UTIAMC,Asset management services (mutual funds),17359.75,31-03-2023,81517.18,33.44,19.2,2.43,0.74
768,Uco Bank,UCOBANK,Banking services,17359.75,31-03-2023,290529.78,0.18,134.91,1.27,0.98
769,Uflex Ltd.,UFLEX,Plastic films & flexible packaging,17359.75,31-03-2023,24230.56,31.6,10.62,0.83,1.36
770,Ultratech Cement Ltd.,ULTRACEMCO,Cement,17359.75,31-03-2023,2200410.62,164.45,46.35,4.14,1.03
771,Union Bank Of India,UNIONBANK,Banking services,17359.75,31-03-2023,454852.44,10.75,6.19,0.63,1.46
772,Uno Minda Ltd.,UNOMINDA,Other automobile ancillaries,17359.75,31-03-2023,275619.6,7.14,67.34,8.86,1.12
773,V I P Industries Ltd.,VIPIND,Diversified,17359.75,31-03-2023,81125.95,9.87,58.03,13.36,1.39
774,V S T Industries Ltd.,VSTIND,Tobacco products,17359.75,31-03-2023,48573.33,200.36,15.7,4.12,0.76
775,Whirlpool Of India Ltd.,WHIRLPOOL,Air-conditioners & refrigerators,17359.75,31-03-2023,166842.8,13.97,94.14,5.37,0.67
776,Z F Commercial Vehicle Control Systems India Ltd.,ZFCVINDIA,Other automobile ancillaries,17359.75,31-03-2023,197430.74,166.64,62.46,8.2,0.41
777,Zydus Lifesciences Ltd.,ZYDUSLIFE,Drugs & pharmaceuticals,17359.75,31-03-2023,497548.94,16.24,30.26,3.65,0.67
