,Unnamed: 0,name,Ticker,industry,NIFTY closing,Date,Market Capitalisation,EPS,P/E,P/B,Beta
0,0.0,Avenue Supermarts Ltd.,DMART,Retail,17359.75,31-03-2023,2204778.2,37.32,91.13,13.36,1.03
1,1.0,Canara Bank,CANBK,Banks,17359.75,31-03-2023,516029.35,56.59,5.03,0.78,1.69
2,2.0,Cummins India Ltd.,CUMMINSIND,Capital Goods-Non Electrical Equipment,17359.75,31-03-2023,451725.12,40.66,40.08,8.42,1.08
3,3.0,Cupid Ltd.,CUPID,Miscellaneous,17359.75,31-03-2023,3375.18,23.38,10.82,2.02,1.23
4,5.0,Cybertech Systems & Software Ltd.,CYBERTECH,IT - Software,17359.75,31-03-2023,2835.92,5.58,17.84,2.18,1.35
5,6.0,Cyient Ltd.,CYIENT,IT - Software,17359.75,31-03-2023,110049.77,30.89,32.22,4.07,0.88
6,7.0,D B Realty Ltd.,DBREALTY,Realty,17359.75,31-03-2023,22713.98,1.0,64.4,0.78,1.74
7,8.0,D-Link (India) Ltd.,DLINKINDIA,IT - Hardware,17359.75,31-03-2023,8281.51,23.8,9.8,2.3,1.52
8,9.0,Dabur India Ltd.,DABUR,FMCG,17359.75,31-03-2023,965433.91,7.72,70.6,15.36,0.59
9,12.0,Datamatics Global Services Ltd.,DATAMATICS,IT - Software,17359.75,31-03-2023,16753.4,17.49,16.24,2.18,1.65
10,13.0,De Nora India Ltd.,DENORA,Capital Goods-Non Electrical Equipment,17359.75,31-03-2023,4521.1,36.26,23.49,4.45,1.2
11,14.0,Deccan Cements Ltd.,DECCANCE,Cement,17359.75,31-03-2023,5825.72,34.98,11.89,0.85,1.13
12,15.0,Deepak Nitrite Ltd.,DEEPAKNTR,Chemicals,17359.75,31-03-2023,251317.82,34.16,53.93,9.57,1.24
13,16.0,Delta Corp Ltd.,DELTACORP,Entertainment,17359.75,31-03-2023,48354.52,8.28,21.83,2.23,1.64
14,18.0,Den Networks Ltd.,DEN,Entertainment,17359.75,31-03-2023,12789.6,2.76,9.73,0.37,1.16
15,19.0,Dev Information Technology Ltd.,DEVIT,IT - Software,17359.75,31-03-2023,2072.5,3.9,24.04,4.92,1.06
16,20.0,Dhampur Sugar Mills Ltd.,DHAMPURSUG,Sugar,17359.75,31-03-2023,14840.95,21.69,10.31,1.43,1.35
17,21.0,Dhanlaxmi Bank Ltd.,DHANBANK,Banks,17359.75,31-03-2023,3656.02,1.25,11.57,0.45,1.43
18,22.0,Dhanuka Agritech Ltd.,DHANUKA,Agro Chemicals,17359.75,31-03-2023,27866.59,45.5,13.44,2.63,0.97
19,26.0,Dhunseri Investments Ltd.,DHUNINV,Finance,17359.75,31-03-2023,3654.65,11.79,50.83,1.04,1.11
20,27.0,Dhunseri Ventures Ltd.,DVL,Petrochemicals,17359.75,31-03-2023,7637.15,34.45,6.33,0.53,1.18
21,31.0,Dixon Technologies (India) Ltd.,DIXON,Consumer Durables,17359.75,31-03-2023,170419.5,35.46,80.69,15.19,1.16
22,32.0,Dollar Industries Ltd.,DOLLAR,Textiles,17359.75,31-03-2023,19725.87,9.05,38.45,2.75,1.33
23,33.0,Donear Industries Ltd.,DONEAR,Textiles,17359.75,31-03-2023,4191.2,6.97,11.57,2.45,1.37
24,34.0,Ducon Infratechnologies Ltd.,DUCON,IT - Software,17359.75,31-03-2023,1442.67,0.15,37.18,0.96,1.49
25,35.0,Dynacons Systems & Solutions Ltd.,DSSL,IT - Software,17359.75,31-03-2023,3973.57,26.3,11.9,3.83,1.13
26,36.0,Dynamatic Technologies Ltd.,DYNAMATECH,Capital Goods-Non Electrical Equipment,17359.75,31-03-2023,18760.68,42.92,64.36,3.66,1.29
27,39.0,Edelweiss Financial Services Ltd.,EDELWEISS,Finance,17359.75,31-03-2023,49616.28,25.32,2.08,0.68,1.49
28,41.0,Eicher Motors Ltd.,EICHERMOT,Automobile,17359.75,31-03-2023,806456.13,95.88,30.76,6.26,1.15
29,42.0,Eimco Elecon (India) Ltd.,EIMCOELECO,Capital Goods-Non Electrical Equipment,17359.75,31-03-2023,2054.7,35.28,10.1,0.59,1.15
30,43.0,Electrosteel Castings Ltd.,ELECTCAST,"Castings, Forgings & Fastners",17359.75,31-03-2023,19086.83,5.64,5.69,0.45,1.35
31,45.0,Elgi Equipments Ltd.,ELGIEQUIP,Capital Goods-Non Electrical Equipment,17359.75,31-03-2023,138853.69,8.27,52.99,11.36,1.28
32,46.0,Emami Ltd.,EMAMILTD,FMCG,17359.75,31-03-2023,158174.33,13.39,26.77,6.99,0.94
33,47.0,Emami Paper Mills Ltd.,EMAMIPAP,Paper,17359.75,31-03-2023,6775.89,11.26,9.95,1.49,1.4
34,50.0,Emkay Global Financial Services Ltd.,EMKAY,Stock/ Commodity Brokers,17359.75,31-03-2023,1574.51,4.26,15.0,1.04,1.78
35,51.0,Emkay Taps & Cutting Tools Ltd.,EMKAYTOOLS,Engineering,17359.75,31-03-2023,3137.36,41.35,7.11,1.39,0.83
36,52.0,Emmbi Industries Ltd.,EMMBI,Packaging,17359.75,31-03-2023,1373.65,4.7,16.51,0.85,1.49
37,53.0,Endurance Technologies Ltd.,ENDURANCE,Auto Ancillaries,17359.75,31-03-2023,174654.03,28.58,43.45,5.24,1.0
38,54.0,Engineers India Ltd.,ENGINERSIN,Infrastructure Developers & Operators,17359.75,31-03-2023,41844.05,5.3,14.04,1.99,1.05
39,56.0,Equitas Small Finance Bank Ltd.,EQUITAS,Finance,17359.75,31-03-2023,74518.45,3.65,18.39,1.44,1.12
40,57.0,Eris Lifesciences Ltd.,ERIS,Pharmaceuticals,17359.75,31-03-2023,77801.16,29.27,19.55,3.51,0.44
41,59.0,Esab India Ltd.,ESABINDIA,Capital Goods-Non Electrical Equipment,17359.75,31-03-2023,54381.23,85.04,41.54,20.89,1.0
42,61.0,Ester Industries Ltd.,ESTER,Packaging,17359.75,31-03-2023,7246.92,19.49,4.46,0.94,1.38
43,63.0,Excel Industries Ltd.,EXCEL,IT - Software,17359.75,31-03-2023,9994.33,60.88,13.06,1.01,1.33
44,64.0,Excel Industries Ltd.,EXCELINDUS,Chemicals,17359.75,31-03-2023,9994.33,60.88,13.06,1.01,1.33
45,65.0,Exide Industries Ltd.,EXIDEIND,Auto Ancillaries,17359.75,31-03-2023,151257.5,10.53,16.9,1.35,0.96
46,66.0,Expleo Solutions Ltd.,EXPLEOSOL,IT - Software,17359.75,31-03-2023,12598.77,117.71,10.44,2.69,1.19
47,67.0,Federal Bank Ltd.,FEDERALBNK,Banks,17359.75,31-03-2023,279973.41,13.53,9.78,1.3,1.41
48,68.0,Federal-Mogul Goetze (India) Ltd.,FMGOETZE,Auto Ancillaries,17359.75,31-03-2023,16995.62,15.91,19.2,1.87,0.9
49,69.0,Fiem Industries Ltd.,FIEMIND,Auto Ancillaries,17359.75,31-03-2023,20605.66,106.59,14.69,2.71,1.28
50,70.0,Filatex India Ltd.,FILATEX,Textiles,17359.75,31-03-2023,14198.51,2.03,15.79,1.28,1.65
51,71.0,Fineotex Chemical Ltd.,FCL,Chemicals,17359.75,31-03-2023,25815.46,4.7,49.57,9.58,1.87
52,72.0,Finolex Cables Ltd.,FINCABLES,Cables,17359.75,31-03-2023,124278.51,32.81,24.77,3.38,1.26
53,73.0,Finolex Industries Ltd.,FINPIPE,Plastic products,17359.75,31-03-2023,105853.36,3.45,49.39,2.19,1.14
54,74.0,Firstsource Solutions Ltd.,FSL,IT - Software,17359.75,31-03-2023,73532.53,3.56,29.65,3.19,1.36
55,75.0,Fortis Healthcare Ltd.,FORTIS,Healthcare,17359.75,31-03-2023,196213.62,0.54,480.44,2.19,0.62
56,76.0,Foseco India Ltd.,FOSECOIND,Chemicals,17359.75,31-03-2023,14044.46,72.79,30.21,5.55,0.86
57,81.0,Gabriel India Ltd.,GABRIEL,Auto Ancillaries,17359.75,31-03-2023,19542.76,9.16,14.86,2.25,1.4
58,82.0,Gallantt Ispat Ltd.,GALLISPAT,Steel,17359.75,31-03-2023,13427.28,5.84,9.53,0.6,1.02
59,83.0,Gandhi Special Tubes Ltd.,GANDHITUBE,Steel,17359.75,31-03-2023,5946.58,38.94,12.57,3.27,0.84
60,84.0,Ganesha Ecosphere Ltd.,GANECOS,Textiles,17359.75,31-03-2023,18431.65,33.59,25.14,2.82,1.27
61,85.0,Garden Reach Shipbuilders & Engineers Ltd.,GRSE,Ship Building,17359.75,31-03-2023,52166.98,19.05,23.91,3.69,1.04
63,87.0,Gati Ltd.,GATI,Logistics,17359.75,31-03-2023,13078.08,0.19,529.48,1.88,1.11
64,88.0,Geekay Wires Ltd.,GEEKAYWIRE,Cables,17359.75,31-03-2023,1683.82,26.22,6.14,2.44,0.22
65,90.0,Genus Power Infrastructures Ltd.,GENUSPOWER,Consumer Durables,17359.75,31-03-2023,21818.34,1.35,62.62,2.22,1.5
66,91.0,Gillette India Ltd.,GILLETTE,FMCG,17359.75,31-03-2023,140641.06,100.43,42.98,15.74,0.46
67,93.0,Glenmark Pharmaceuticals Ltd.,GLENMARK,Pharmaceuticals,17359.75,31-03-2023,131123.54,60.41,7.69,0.73,0.96
68,96.0,Globe International Carriers Ltd.,GLOBE,Textiles,17080.7,29-03-2023,813.99,0.74,55.0,3.03,-0.12
69,97.0,Globus Spirits Ltd.,GLOBUSSPR,Alcoholic Beverages,17359.75,31-03-2023,22368.21,41.78,18.59,2.52,1.26
70,98.0,Godfrey Phillips India Ltd.,GFLLIMITED,Finance,17359.75,31-03-2023,94615.94,117.01,15.55,2.97,0.96
71,99.0,Godfrey Phillips India Ltd.,GODFRYPHLP,Tobacco Products,17359.75,31-03-2023,94615.94,117.01,15.55,2.97,0.96
72,100.0,Godrej Agrovet Ltd.,GODREJAGRO,Miscellaneous,17359.75,31-03-2023,79304.8,11.84,34.85,3.81,0.84
73,101.0,Godrej Consumer Products Ltd.,GODREJCP,FMCG,17359.75,31-03-2023,990122.47,15.07,64.24,10.57,0.77
74,102.0,Godrej Industries Ltd.,GODREJIND,Chemicals,17359.75,31-03-2023,135951.36,6.91,58.46,7.92,0.95
75,103.0,Godrej Properties Ltd.,GODREJPROP,Realty,17359.75,31-03-2023,286654.01,23.73,43.45,2.88,1.3
76,105.0,Gokaldas Exports Ltd.,GOKEX,Readymade Garments/ Apparells,17359.75,31-03-2023,21565.77,27.75,12.83,2.42,1.21
77,107.0,Goldiam International Ltd.,GOLDIAM,"Diamond, Gems and Jewellery",17359.75,31-03-2023,14003.24,5.22,24.62,5.21,1.25
78,108.0,Granules India Ltd.,GRANULES,Pharmaceuticals,17359.75,31-03-2023,70361.83,20.54,14.15,2.61,0.98
79,109.0,Gravita India Ltd.,GRAVITA,Non Ferrous Metals,17359.75,31-03-2023,33459.23,15.08,32.14,10.85,1.32
80,110.0,Greaves Cotton Ltd.,GREAVESCOT,Capital Goods-Non Electrical Equipment,17359.75,31-03-2023,29199.3,4.42,28.53,2.79,1.41
81,111.0,Greenpanel Industries Ltd.,GREENPANEL,Miscellaneous,17359.75,31-03-2023,33360.78,18.33,14.84,2.78,1.23
82,112.0,Greenply Industries Ltd.,GREENPLY,Miscellaneous,17359.75,31-03-2023,17073.68,6.43,21.63,2.72,1.34
83,113.0,Grindwell Norton Ltd.,GRINDWELL,Capital Goods-Non Electrical Equipment,17359.75,31-03-2023,207976.45,31.55,59.54,11.65,0.74
84,114.0,Gufic Biosciences Ltd.,GUFICBIO,Pharmaceuticals,17359.75,31-03-2023,18070.46,8.22,22.67,5.2,1.23
85,115.0,Gujarat Alkalies & Chemicals Ltd.,GUJALKALI,Chemicals,17359.75,31-03-2023,42971.62,78.39,7.46,0.67,1.37
86,116.0,Gujarat Ambuja Exports Ltd.,GAEL,Edible Oil,17359.75,31-03-2023,53286.06,14.4,16.14,2.18,1.14
87,117.0,Gujarat Gas Ltd.,GUJGASLTD,Miscellaneous,17359.75,31-03-2023,316384.1,22.16,20.74,4.53,0.79
88,119.0,Gujarat Narmada Valley Fertilizers & Chemicals Ltd.,GNFC,Fertilizers,17359.75,31-03-2023,79162.56,91.3,5.58,0.88,1.35
89,120.0,Gujarat Pipavav Port Ltd.,GPPL,Marine Port & Services,17359.75,31-03-2023,56296.58,6.81,17.09,2.71,0.75
90,121.0,Gujarat State Fertilizers & Chemicals Ltd.,GSFC,Fertilizers,17359.75,31-03-2023,47418.83,31.78,3.74,0.4,1.45
91,122.0,Gujarat State Petronet Ltd.,GSPL,Gas Distribution,17359.75,31-03-2023,149516.01,16.75,15.82,1.61,0.85
92,123.0,Gulf Oil Lubricants India Ltd.,GULFOILLUB,Chemicals,17359.75,31-03-2023,19824.96,47.03,8.6,1.68,0.66
93,124.0,Gulshan Polyols Ltd.,GULPOLY,Chemicals,17359.75,31-03-2023,10514.64,8.73,23.18,1.83,1.36
94,125.0,Harrisons Malayalam Ltd.,HARRMALAYA,Plantation & Plantation Products,17359.75,31-03-2023,1978.42,9.63,11.13,1.27,1.14
95,126.0,Hathway Cable & Datacom Ltd.,HATHWAY,Entertainment,17359.75,31-03-2023,22922.85,0.43,29.92,0.51,1.0
96,127.0,Havells India Ltd.,HAVELLS,Capital Goods - Electrical Equipment,17359.75,31-03-2023,744606.82,17.21,69.07,11.26,1.11
97,128.0,Heidelberg Cement India Ltd.,HEIDELBERG,Cement,17359.75,31-03-2023,36473.38,4.38,36.78,2.5,1.03
98,129.0,Hercules Hoists Ltd.,HERCULES,Capital Goods-Non Electrical Equipment,17359.75,31-03-2023,5708.8,5.34,33.42,0.8,1.34
99,130.0,Hester Biosciences Ltd.,HESTERBIO,Pharmaceuticals,17359.75,31-03-2023,12954.25,37.99,40.08,4.43,0.72
100,132.0,Hi-Tech Pipes Ltd.,HITECH,Steel,17359.75,31-03-2023,10205.71,2.77,28.81,3.64,1.53
101,133.0,Hi-Tech Pipes Ltd.,HITECHCORP,Packaging,17359.75,31-03-2023,10205.71,2.77,28.81,3.64,1.53
102,135.0,Hindalco Industries Ltd.,HINDALCO,Non Ferrous Metals,17359.75,31-03-2023,910900.33,14.22,28.51,1.56,1.59
103,136.0,Hindustan Aeronautics Ltd.,HAL,Capital Goods-Non Electrical Equipment,17359.75,31-03-2023,913245.7,129.99,21.01,3.89,0.9
104,137.0,Hindustan Copper Ltd.,HINDCOPPER,Non Ferrous Metals,17359.75,31-03-2023,95106.81,3.05,32.21,4.54,1.65
105,140.0,Hindustan Unilever Ltd.,HINDUNILVR,FMCG,17359.75,31-03-2023,6015775.99,41.42,61.81,11.98,0.48
106,141.0,Hindustan Zinc Ltd.,HINDZINC,Non Ferrous Metals,17359.75,31-03-2023,1239497.33,24.76,11.85,9.58,0.83
107,142.0,Honeywell Automation India Ltd.,HONAUT,Consumer Durables,17359.75,31-03-2023,321700.58,442.67,82.19,10.09,0.92
108,144.0,Ice Make Refrigeration Ltd.,ICEMAKE,Engineering,17359.75,31-03-2023,4137.45,13.4,19.57,4.88,0.95
109,145.0,Ind-Swift Laboratories Ltd.,INDSWFTLAB,Pharmaceuticals,17359.75,31-03-2023,3261.59,11.74,4.7,0.68,0.66
110,147.0,Indbank Merchant Banking Services Ltd.,INDBANK,Stock/ Commodity Brokers,17359.75,31-03-2023,936.38,0.1,208.08,1.26,1.64
111,148.0,India Glycols Ltd.,INDIAGLYCO,Chemicals,17359.75,31-03-2023,19028.94,28.25,21.75,1.2,1.44
112,149.0,India Nippon Electricals Ltd.,INDNIPPON,Auto Ancillaries,17359.75,31-03-2023,7474.12,27.98,11.81,1.33,1.29
113,151.0,Indian Bank,INDIANB,Banks,17359.75,31-03-2023,359372.04,24.93,11.58,0.86,1.68
114,152.0,Indian Energy Exchange Ltd.,IEX,Miscellaneous,17359.75,31-03-2023,114092.09,3.28,39.01,14.54,0.92
115,153.0,Indian Metals & Ferro Alloys Ltd.,IMFA,Mining & Mineral products,17359.75,31-03-2023,15374.22,49.2,5.79,0.83,1.4
116,154.0,Indian Overseas Bank,IOB,Banks,17359.75,31-03-2023,424359.16,0.86,26.16,1.89,1.18
117,155.0,Indian Terrain Fashions Ltd.,INDTERRAIN,Textiles,17359.75,31-03-2023,1997.55,1.41,32.06,0.94,1.38
118,157.0,Indo Tech Transformers Ltd.,INDOTECH,Capital Goods - Electrical Equipment,17359.75,31-03-2023,1826.11,24.2,7.11,1.07,1.16
119,159.0,Indoco Remedies Ltd.,INDOCO,Pharmaceuticals,17359.75,31-03-2023,29971.9,15.34,21.2,2.92,1.03
120,162.0,Indraprastha Gas Ltd.,IGL,Gas Distribution,17359.75,31-03-2023,300090.34,20.73,20.68,4.23,0.82
121,163.0,Industrial Investment Trust Ltd.,IITL,Finance,17359.75,31-03-2023,1904.14,1.22,69.49,0.54,1.18
122,164.0,Infibeam Avenues Ltd.,INFIBEAM,IT - Software,17359.75,31-03-2023,37890.6,0.51,27.97,1.31,1.34
123,165.0,Info Edge (India) Ltd.,NAUKRI,E-Commerce/App based Aggregator,17359.75,31-03-2023,481023.53,54.25,68.64,4.4,1.1
124,166.0,Infosys Ltd.,INFY,IT - Software,17359.75,31-03-2023,5923936.31,55.81,25.59,8.74,0.65
125,167.0,Innovana Thinklabs Ltd.,INNOVANA,IT - Software,17359.75,31-03-2023,6375.5,8.56,36.35,8.69,0.51
126,169.0,Insecticides (India) Ltd.,INSECTICID,Agro Chemicals,17359.75,31-03-2023,13820.71,21.28,21.94,1.51,0.99
127,170.0,Inspirisys Solutions Ltd.,INSPIRISYS,IT - Software,17359.75,31-03-2023,1751.07,4.08,10.84,1.95,1.31
128,171.0,Intellect Design Arena Ltd.,INTELLECT,IT - Software,17359.75,31-03-2023,55727.69,9.87,41.61,3.61,1.72
129,172.0,Intellect Design Arena Ltd.,INTENTECH,IT - Software,17359.75,31-03-2023,55727.69,9.87,41.61,3.61,1.72
130,173.0,Intrasoft Technologies Ltd.,ISFT,IT - Software,17359.75,31-03-2023,1448.12,0.7,140.59,1.27,1.05
131,174.0,Inventure Growth & Securities Ltd.,INVENTURE,Finance,17359.75,31-03-2023,1386.0,0.05,35.36,0.82,1.16
132,175.0,Jagran Prakashan Ltd.,JAGRAN,Media - Print/Television/Radio,17359.75,31-03-2023,15790.82,9.42,7.7,1.17,0.76
133,176.0,Jagsonpal Pharmaceuticals Ltd.,JAGSNPHARM,Pharmaceuticals,17359.75,31-03-2023,7592.18,10.82,26.78,4.78,1.42
134,177.0,Jai Corp Ltd.,JAICORPLTD,Plastic products,17359.75,31-03-2023,24724.17,0.15,954.6,2.23,1.96
135,178.0,Jain Irrigation Systems Ltd.,JISLJALEQS,Plastic products,17359.75,31-03-2023,20709.08,0.57,59.89,0.46,1.74
136,181.0,Jaiprakash Power Ventures Ltd.,JPPOWER,Power Generation & Distribution,17359.75,31-03-2023,38036.7,0.2,27.97,0.55,1.6
137,183.0,Jammu & Kashmir Bank Ltd.,J&KBANK,Banks,17359.75,31-03-2023,50594.09,11.17,4.39,0.58,1.51
138,184.0,Jash Engineering Ltd.,JASH,Capital Goods-Non Electrical Equipment,17359.75,31-03-2023,10099.75,33.92,24.75,4.28,1.13
139,185.0,Jay Bharat Maruti Ltd.,JAYBARMARU,Auto Ancillaries,17359.75,31-03-2023,5756.73,8.67,15.34,1.14,1.73
140,186.0,Jayant Agro-Organics Ltd.,JAYAGROGN,Chemicals,17359.75,31-03-2023,4402.5,13.97,10.5,1.05,1.43
141,189.0,Jet Freight Logistics Ltd.,JETFREIGHT,Air Transport Service,17359.75,31-03-2023,547.56,0.03,456.3,0.88,0.57
142,190.0,Jet Knitwears Ltd.,JETKNIT,Textiles,16951.7,28-03-2023,283.38,2.38,26.99,1.33,0.63
143,191.0,Jindal Photo Ltd.,JINDALPHOT,Finance,17359.75,31-03-2023,2800.52,152.41,1.79,1.61,1.54
144,192.0,Jindal Poly Films Ltd.,JINDALPOLY,Packaging,17359.75,31-03-2023,21930.42,145.37,3.45,0.4,1.25
145,193.0,Jindal Stainless Ltd.,JSL,Steel,17359.75,31-03-2023,238631.34,24.28,11.93,2.08,1.44
146,194.0,Jindal Steel & Power Ltd.,JINDALSTEL,Steel,17359.75,31-03-2023,557172.12,54.08,10.1,1.37,2.03
147,195.0,Jindal Worldwide Ltd.,JINDWORLD,Textiles,17359.75,31-03-2023,64316.92,5.68,56.46,9.94,1.05
148,197.0,Jubilant Foodworks Ltd.,JUBLFOOD,Quick Service Restaurant,17359.75,31-03-2023,290397.87,6.07,72.55,13.54,0.93
149,198.0,Jubilant Industries Ltd.,JUBLINDS,Chemicals,17359.75,31-03-2023,5846.79,6.21,62.53,1.92,1.23
150,199.0,Jullundur Motor Agency (Delhi) Ltd.,JMA,Auto Ancillaries,17359.75,31-03-2023,1373.89,9.97,6.03,0.77,1.1
151,200.0,Just Dial Ltd.,JUSTDIAL,E-Commerce/App based Aggregator,17359.75,31-03-2023,50187.62,19.3,30.84,1.37,1.23
152,201.0,Jyothy Labs Ltd.,JYOTHYLAB,FMCG,17359.75,31-03-2023,69953.25,5.58,34.13,7.94,0.78
153,203.0,Kabra Extrusion Technik Ltd.,KABRAEXTRU,Capital Goods-Non Electrical Equipment,17359.75,31-03-2023,16266.49,11.29,42.89,4.23,1.28
154,204.0,Kajaria Ceramics Ltd.,KAJARIACER,Ceramic Products,17359.75,31-03-2023,167878.88,21.69,48.6,7.24,1.04
155,205.0,Kalyani Forge Ltd.,KALYANIFRG,"Castings, Forgings & Fastners",17359.75,31-03-2023,810.91,1.87,119.25,0.77,0.99
156,206.0,Kalyani Steels Ltd.,KSL,Steel,17359.75,31-03-2023,12868.92,37.98,7.76,0.86,1.58
157,207.0,Kamat Hotels (India) Ltd.,KAMATHOTEL,Hotels & Restaurants,17359.75,31-03-2023,3241.85,25.47,5.16,1.4,1.87
158,208.0,Kamdhenu Ltd.,KAMDHENU,Steel,17359.75,31-03-2023,8434.85,15.17,20.64,5.06,1.63
159,209.0,Kanani Industries Ltd.,KANANIIND,"Diamond, Gems and Jewellery",17359.75,31-03-2023,593.6,0.05,114.15,1.33,0.98
160,210.0,Kansai Nerolac Paints Ltd.,KANSAINER,Paints/Varnish,17359.75,31-03-2023,208454.15,8.88,43.54,4.52,0.95
161,211.0,Karma Energy Ltd.,KARMAENG,Power Generation & Distribution,17359.75,31-03-2023,397.43,1.26,27.22,1.03,0.97
162,212.0,Karur Vysya Bank Ltd.,KARURVYSYA,Banks,17359.75,31-03-2023,83734.38,12.91,8.09,0.98,1.61
163,215.0,Kellton Tech Solutions Ltd.,KELLTONTEC,IT - Software,17359.75,31-03-2023,4252.18,0.97,45.33,2.82,1.51
164,216.0,Kennametal India Ltd.,KENNAMET,Capital Goods-Non Electrical Equipment,17359.75,31-03-2023,47729.04,43.86,49.51,6.79,0.88
165,218.0,Kesoram Industries Ltd.,KESORAMIND,Cement,17359.75,31-03-2023,18204.89,0.39,150.95,3.08,1.63
166,219.0,Kewal Kiran Clothing Ltd.,KKCL,Readymade Garments/ Apparells,17359.75,31-03-2023,25753.16,19.36,21.59,4.7,0.95
167,220.0,Keynote Financial Services Ltd.,KEYFINSERV,Finance,17359.75,31-03-2023,577.96,0.73,113.33,0.94,0.82
168,221.0,Khadim India Ltd.,KHADIM,Leather,17359.75,31-03-2023,3314.5,5.74,32.15,1.47,1.65
169,222.0,Khaitan (India) Ltd.,KHAITANLTD,Trading,17359.75,31-03-2023,202.35,1.43,29.76,1.11,0.98
170,223.0,Khandwala Securities Ltd.,KHANDSE,Finance,17359.75,31-03-2023,344.74,0.29,78.35,1.03,0.44
171,224.0,Kilitch Drugs (India) Ltd.,KILITCH,Pharmaceuticals,17359.75,31-03-2023,2169.06,9.29,14.98,1.13,0.98
172,225.0,Kingfa Science & Technology (India) Ltd.,KINGFA,Plastic products,17359.75,31-03-2023,15962.19,67.11,19.64,3.43,1.25
173,227.0,Kirloskar Brothers Ltd.,KIRLOSBROS,Capital Goods-Non Electrical Equipment,17359.75,31-03-2023,32577.51,21.12,19.43,2.6,1.32
174,228.0,Kirloskar Industries Ltd.,KIRLOSIND,Finance,17359.75,31-03-2023,24036.66,73.59,33.04,1.1,1.06
175,229.0,Kirloskar Oil Engines Ltd.,KIRLOSENG,Capital Goods-Non Electrical Equipment,17359.75,31-03-2023,57332.95,17.97,22.05,2.46,1.24
176,230.0,Kitex Garments Ltd.,KITEX,Readymade Garments/ Apparells,17359.75,31-03-2023,9120.48,8.94,15.35,1.01,1.43
177,231.0,Kokuyo Camlin Ltd.,KOKUYOCMLN,Printing & Stationery,17359.75,31-03-2023,6865.8,2.25,30.41,2.61,1.39
178,232.0,Kopran Ltd.,KOPRAN,Pharmaceuticals,17359.75,31-03-2023,5327.27,6.47,17.07,1.35,1.24
179,233.0,Kotak Mahindra Bank Ltd.,KOTAKBANK,Banks,17359.75,31-03-2023,3442404.57,52.58,32.96,4.15,0.86
180,234.0,Kothari Petrochemicals Ltd.,KOTHARIPET,Petrochemicals,17359.75,31-03-2023,3321.88,6.48,8.71,1.73,1.33
181,235.0,Kothari Products Ltd.,KOTHARIPRO,Trading,17359.75,31-03-2023,3405.18,1.11,103.19,0.36,1.68
182,237.0,Kshitij Polyline Ltd.,KSHITIJPOL,Plastic products,17359.75,31-03-2023,873.75,0.09,194.17,4.63,0.59
183,238.0,Kuantum Papers Ltd.,KUANTUM,Paper,17359.75,31-03-2023,10589.44,17.29,7.02,1.1,1.37
184,239.0,Lagnam Spintex Ltd.,LAGNAM,Textiles,17359.75,31-03-2023,872.85,5.52,8.95,0.93,0.87
185,240.0,Lakshmi Machine Works Ltd.,LAXMIMACH,Engineering,17359.75,31-03-2023,106640.91,306.07,32.61,4.64,0.99
186,242.0,Lambodhara Textiles Ltd.,LAMBODHARA,Textiles,17359.75,31-03-2023,1468.43,16.71,8.47,1.48,1.68
187,243.0,Larsen & Toubro Ltd.,LT,Infrastructure Developers & Operators,17359.75,31-03-2023,3041744.56,51.48,42.04,4.25,1.12
188,245.0,Laurus Labs Ltd.,LAURUSLABS,Pharmaceuticals,17359.75,31-03-2023,157797.79,14.09,20.79,3.89,0.91
189,247.0,Lemon Tree Hotels Ltd.,LEMONTREE,Hotels & Restaurants,17359.75,31-03-2023,61201.04,1.01,76.15,5.72,1.25
190,249.0,Liberty Shoes Ltd.,LIBERTSHOE,Leather,17359.75,31-03-2023,3316.84,7.88,24.7,1.68,1.34
191,250.0,Lincoln Pharmaceuticals Ltd.,LINCOLN,Pharmaceuticals,17359.75,31-03-2023,6795.09,37.01,9.17,1.35,1.14
192,251.0,Linde India Ltd.,LINDEINDIA,Chemicals,17359.75,31-03-2023,343682.63,46.89,85.95,11.04,1.08
193,252.0,Lokesh Machines Ltd.,LOKESHMACH,Capital Goods-Non Electrical Equipment,17359.75,31-03-2023,1968.64,4.51,24.36,1.24,1.43
194,254.0,Lumax Auto Technologies Ltd.,LUMAXTECH,Auto Ancillaries,17359.75,31-03-2023,18327.61,11.51,23.36,3.14,1.71
195,255.0,Lumax Industries Ltd.,LUMAXIND,Auto Ancillaries,17359.75,31-03-2023,16538.47,76.51,23.12,3.44,1.15
196,256.0,Lupin Ltd.,LUPIN,Pharmaceuticals,17359.75,31-03-2023,295009.9,9.29,69.82,1.6,0.61
197,257.0,Lux Industries Ltd.,LUXIND,Textiles,17359.75,31-03-2023,34820.2,48.95,23.72,2.38,1.12
198,259.0,Lypsa Gems & Jewellery Ltd.,LYPSAGEMS,"Diamond, Gems and Jewellery",17359.75,31-03-2023,109.09,0.01,363.64,0.34,1.38
199,260.0,Maan Aluminium Ltd.,MAANALU,Non Ferrous Metals,17359.75,31-03-2023,2354.04,37.02,4.7,1.81,1.69
200,262.0,Madhucon Projects Ltd.,MADHUCON,Construction,17359.75,31-03-2023,250.9,0.6,5.63,0.05,1.42
201,264.0,Magadh Sugar & Energy Ltd.,MAGADSUGAR,Sugar,17359.75,31-03-2023,4498.05,35.28,9.05,0.7,1.45
202,265.0,Magnum Ventures Ltd.,MAGNUM,Paper,17359.75,31-03-2023,1225.16,6.7,4.35,7.61,1.08
203,266.0,Mahanagar Gas Ltd.,MGL,Gas Distribution,17359.75,31-03-2023,97143.01,80.53,12.21,2.35,0.99
204,268.0,Maharashtra Scooters Ltd.,MAHSCOOTER,Finance,17359.75,31-03-2023,48381.13,150.69,28.09,0.25,1.33
205,269.0,Maharashtra Seamless Ltd.,MAHSEAMLES,Steel,17359.75,31-03-2023,47911.43,52.97,6.75,1.02,1.08
206,270.0,Maheshwari Logistics Ltd.,MAHESHWARI,Logistics,17359.75,31-03-2023,2357.42,4.62,17.25,1.41,0.58
207,271.0,Mahindra & Mahindra Financial Services Ltd.,M&MFIN,Finance,17359.75,31-03-2023,286210.51,6.71,34.55,1.67,1.75
208,272.0,Mahindra & Mahindra Ltd.,M&M,Automobile,17359.75,31-03-2023,1440876.86,53.52,21.65,3.32,1.32
209,275.0,Mahindra Lifespace Developers Ltd.,MAHICKRA,Chemicals,17359.75,31-03-2023,54458.32,1.74,202.82,3.38,1.07
210,276.0,Mahindra Logistics Ltd.,MAHLOG,Logistics,17359.75,31-03-2023,25501.46,7.53,47.07,4.06,1.23
211,277.0,Maithan Alloys Ltd.,MAITHANALL,Mining & Mineral products,17359.75,31-03-2023,23289.24,181.52,4.41,0.85,1.4
212,279.0,Man Industries (India) Ltd.,MANINDS,Steel,17359.75,31-03-2023,5595.59,11.19,8.32,0.56,1.48
213,280.0,Man Infraconstruction Ltd.,MANINFRA,Construction,17359.75,31-03-2023,25319.28,4.49,15.2,2.23,1.44
214,281.0,Manaksia Ltd.,MANAKSIA,Non Ferrous Metals,17359.75,31-03-2023,7005.59,14.84,7.21,3.88,0.95
215,282.0,Manaksia Steels Ltd.,MANAKSTEEL,Steel,17359.75,31-03-2023,2326.46,1.92,18.51,0.83,1.44
216,283.0,Manali Petrochemicals Ltd.,MANALIPETC,Petrochemicals,17359.75,31-03-2023,10371.55,2.86,21.12,1.04,1.7
217,284.0,Manappuram Finance Ltd.,MANAPPURAM,Finance,17359.75,31-03-2023,104699.03,14.61,8.47,1.17,1.47
218,285.0,Mangalam Cement Ltd.,MANGALAM,Pharmaceuticals,17359.75,31-03-2023,7297.78,7.15,37.12,0.97,1.26
219,286.0,Mangalam Global Enterprise Ltd.,MGEL,Edible Oil,17359.75,31-03-2023,2009.06,0.86,16.83,1.57,0.27
220,289.0,Marathon Nextgen Realty Ltd.,MARATHON,Realty,17359.75,31-03-2023,12801.66,19.37,14.27,1.63,1.43
221,290.0,Marico Ltd.,MARICO,FMCG,17359.75,31-03-2023,620421.88,9.12,52.62,16.87,0.52
222,291.0,Marine Electricals (India) Ltd.,MARINE,Capital Goods - Electrical Equipment,17359.75,31-03-2023,4397.55,1.57,22.82,2.72,0.51
223,292.0,Marksans Pharma Ltd.,MARKSANS,Pharmaceuticals,17359.75,31-03-2023,31902.73,2.25,31.3,2.87,1.61
224,294.0,Maruti Suzuki India Ltd.,MARUTI,Automobile,17359.75,31-03-2023,2504893.17,266.77,31.08,4.15,1.16
225,295.0,Mask Investments Ltd.,MASKINVEST,Finance,17359.75,31-03-2023,133.5,0.2,222.51,0.14,0.15
226,296.0,Mastek Ltd.,MASTEK,IT - Software,17359.75,31-03-2023,47038.76,26.94,57.2,6.39,1.7
227,297.0,Mawana Sugars Ltd.,MAWANASUG,Sugar,17359.75,31-03-2023,3524.43,4.53,19.89,0.84,1.36
228,298.0,Max Financial Services Ltd.,MFSL,Finance,17359.75,31-03-2023,219147.88,0.2,3218.03,3.24,0.93
229,299.0,Mayur Uniquoters Ltd.,MAYURUNIQ,Plastic products,17359.75,31-03-2023,18462.29,22.86,18.38,2.44,1.16
230,300.0,Mazda Ltd.,MAZDA,Capital Goods-Non Electrical Equipment,17359.75,31-03-2023,2482.1,67.64,9.16,1.34,1.15
231,301.0,Megasoft Ltd.,MEGASOFT,IT - Software,17359.75,31-03-2023,1630.32,1.41,15.63,0.97,1.0
232,303.0,Menon Bearings Ltd.,MENONBE,Auto Ancillaries,17359.75,31-03-2023,5405.06,5.81,16.61,4.05,1.07
233,306.0,Metropolis Healthcare Ltd.,METROPOLIS,Healthcare,17359.75,31-03-2023,63926.27,26.05,47.92,6.83,0.77
234,307.0,Minda Corporation Ltd.,MINDACORP,Auto Ancillaries,17359.75,31-03-2023,51437.94,11.1,19.39,3.73,1.62
235,308.0,Mindteck (India) Ltd.,MINDTECK,IT - Software,17359.75,31-03-2023,2614.94,5.66,18.29,1.8,1.48
236,309.0,Mirza International Ltd.,MIRZAINT,Leather,17359.75,31-03-2023,4816.34,1.65,21.14,1.06,1.37
237,310.0,Mishra Dhatu Nigam Ltd.,MIDHANI,Steel,17359.75,31-03-2023,34592.33,8.33,22.17,2.69,1.24
238,311.0,Mittal Life Style Ltd.,MITTAL,Textiles,17359.75,31-03-2023,285.58,0.19,51.0,0.92,0.85
239,312.0,Modi Rubber Ltd.,MODIRUBBER,Tyres,17359.75,31-03-2023,1406.03,3.45,16.27,0.39,0.49
240,315.0,Moksh Ornaments Ltd.,MOKSH,"Diamond, Gems and Jewellery",17359.75,31-03-2023,477.57,1.14,7.79,0.94,0.56
241,316.0,Mold-Tek Packaging Ltd.,MOLDTKPAC,Plastic products,17359.75,31-03-2023,29956.81,23.12,39.06,5.68,1.03
242,317.0,Mold-Tek Technologies Ltd.,MOLDTECH,Engineering,17359.75,31-03-2023,6894.01,10.3,23.71,6.95,0.95
243,318.0,Monte Carlo Fashions Ltd.,MONTECARLO,Textiles,17359.75,31-03-2023,12890.16,60.67,10.25,1.66,1.22
244,320.0,Morepen Laboratories Ltd.,MOREPENLAB,Pharmaceuticals,17359.75,31-03-2023,13188.15,0.9,28.52,1.73,1.36
245,321.0,Motilal Oswal Financial Services Ltd.,MOTILALOFS,Finance,17359.75,31-03-2023,90292.13,38.3,15.93,2.03,1.12
246,323.0,Mukta Arts Ltd.,MUKTAARTS,Entertainment,17359.75,31-03-2023,1001.65,3.84,11.55,0.56,1.61
247,324.0,Munjal Showa Ltd.,MUNJALSHOW,Auto Ancillaries,17359.75,31-03-2023,3407.57,3.42,24.91,0.52,1.45
248,325.0,Murudeshwar Ceramics Ltd.,MURUDCERA,Ceramic Products,17359.75,31-03-2023,1730.86,1.14,26.23,0.49,1.63
249,326.0,Muthoot Capital Services Ltd.,MUTHOOTCAP,Finance,17359.75,31-03-2023,4233.59,46.79,5.5,0.87,1.08
250,327.0,Muthoot Finance Ltd.,MUTHOOTFIN,Finance,17359.75,31-03-2023,393399.19,86.32,11.35,1.87,1.01
251,330.0,Nahar Industrial Enterprises Ltd.,NAHARINDUS,Textiles,17359.75,31-03-2023,3910.11,12.28,7.37,0.43,1.46
252,331.0,Nahar Poly Films Ltd.,NAHARPOLY,Packaging,17359.75,31-03-2023,5620.81,12.94,17.67,1.17,1.43
253,332.0,Nahar Spinning Mills Ltd.,NAHARSPING,Textiles,17359.75,31-03-2023,8666.49,29.46,8.16,0.56,1.55
254,334.0,Narayana Hrudayalaya Ltd.,NH,Healthcare,17359.75,31-03-2023,158205.92,12.36,62.64,10.77,0.68
255,335.0,Natco Pharma Ltd.,NATCOPHARM,Pharmaceuticals,17359.75,31-03-2023,102794.54,34.92,16.13,2.18,0.7
256,336.0,Nath Bio-Genes (India) Ltd.,NATHBIOGEN,Miscellaneous,17359.75,31-03-2023,2684.32,18.49,7.64,0.47,1.56
257,337.0,National Fertilizers Ltd.,NFL,Fertilizers,17359.75,31-03-2023,35542.41,9.23,7.85,1.3,1.41
258,338.0,Navkar Corporation Ltd.,NAVKARCORP,Miscellaneous,17359.75,31-03-2023,7962.46,3.64,14.55,0.41,1.93
259,339.0,Navneet Education Ltd.,NAVNETEDUL,Media - Print/Television/Radio,17359.75,31-03-2023,21569.43,10.13,9.42,1.6,0.98
260,341.0,Nelcast Ltd.,NELCAST,"Castings, Forgings & Fastners",17359.75,31-03-2023,7725.71,3.46,25.65,1.65,1.65
261,342.0,Neogen Chemicals Ltd.,NEOGEN,Chemicals,17359.75,31-03-2023,32076.95,20.07,64.09,6.65,0.89
262,343.0,Nesco Ltd.,NESCO,Miscellaneous,17359.75,31-03-2023,36477.12,43.77,11.83,1.86,0.88
263,344.0,Nestle India Ltd.,NESTLEIND,FMCG,17359.75,31-03-2023,1899823.48,266.64,73.9,59.45,0.55
264,345.0,Neuland Laboratories Ltd.,NEULANDLAB,Pharmaceuticals,17359.75,31-03-2023,23145.76,122.07,14.78,2.34,1.19
265,346.0,New Delhi Television Ltd.,NDTV,Media - Print/Television/Radio,17359.75,31-03-2023,12359.14,2.02,94.85,3.31,0.72
266,347.0,Newgen Software Technologies Ltd.,NEWGEN,IT - Software,17359.75,31-03-2023,31529.03,22.83,19.74,3.42,1.06
267,349.0,Nila Infrastructures Ltd.,NILAINFRA,Construction,17359.75,31-03-2023,1831.58,0.04,103.48,1.24,1.75
268,351.0,Nilkamal Ltd.,NILKAMAL,Plastic products,17359.75,31-03-2023,26204.7,77.79,22.57,2.09,1.11
269,353.0,Nitin Spinners Ltd.,NITINSPIN,Textiles,17359.75,31-03-2023,12663.56,28.89,7.8,1.23,1.45
270,354.0,Norben Tea & Exports Ltd.,NORBTEAEXP,Plantation & Plantation Products,17359.75,31-03-2023,94.0,0.18,44.76,0.63,0.43
271,355.0,Nucleus Software Exports Ltd.,NUCLEUS,IT - Software,17359.75,31-03-2023,17116.19,48.39,13.21,2.91,0.94
272,356.0,Oberoi Realty Ltd.,OBEROIRLTY,Realty,17359.75,31-03-2023,306371.24,19.42,43.4,4.0,1.11
273,358.0,Oil India Ltd.,OIL,Crude Oil & Natural Gas,17359.75,31-03-2023,272890.57,67.13,3.75,0.79,0.89
274,359.0,Olectra Greentech Ltd.,OLECTRA,Telecomm Equipment & Infra Services,17359.75,31-03-2023,50828.5,8.61,71.88,5.99,1.61
275,363.0,Onelife Capital Advisors Ltd.,ONELIFECAP,Finance,17359.75,31-03-2023,176.35,0.01,1763.52,0.16,1.13
276,364.0,Onward Technologies Ltd.,ONWARDTEC,IT - Software,17359.75,31-03-2023,6431.72,6.45,44.73,3.99,1.18
277,365.0,Optiemus Infracom Ltd.,OPTIEMUS,Trading,17359.75,31-03-2023,17669.41,1.08,189.99,4.31,1.36
278,367.0,Oracle Financial Services Software Ltd.,OFSS,IT - Software,17359.75,31-03-2023,281978.79,205.16,15.91,4.71,0.73
279,368.0,Orbit Exports Ltd.,ORBTEXP,Textiles,17359.75,31-03-2023,3137.18,11.5,10.12,1.56,1.03
280,369.0,Orient Bell Ltd.,ORIENTBELL,Ceramic Products,17359.75,31-03-2023,7315.97,9.35,54.03,2.39,1.11
281,370.0,Orient Cement Ltd.,ORIENTCEM,Cement,17359.75,31-03-2023,22525.32,5.58,19.71,1.4,1.45
282,371.0,Orient Electric Ltd.,ORIENTELEC,Consumer Durables,17359.75,31-03-2023,57515.94,2.37,113.92,9.84,0.94
283,373.0,Oriental Aromatics Ltd.,OAL,Chemicals,17359.75,31-03-2023,11824.18,5.62,62.5,1.89,1.18
284,374.0,Oriental Carbon & Chemicals Ltd.,OCCL,Chemicals,17359.75,31-03-2023,6695.36,44.7,14.99,1.13,1.05
285,375.0,Oriental Hotels Ltd.,ORIENTHOT,Hotels & Restaurants,17359.75,31-03-2023,14073.62,3.17,24.87,4.38,1.3
286,378.0,Oswal Agro Mills Ltd.,OSWALAGRO,Realty,17359.75,31-03-2023,3449.83,0.75,34.06,0.57,1.38
287,379.0,Page Industries Ltd.,PAGEIND,Readymade Garments/ Apparells,17359.75,31-03-2023,422768.63,509.34,74.42,30.84,0.83
288,380.0,Paisalo Digital Ltd.,PAISALO,Finance,17359.75,31-03-2023,23663.46,2.1,25.1,2.06,0.96
289,381.0,Palash Securities Ltd.,PALASHSECU,Finance,17359.75,31-03-2023,990.81,4.23,23.42,3.27,0.81
290,382.0,Palred Technologies Ltd.,PALREDTEC,IT - Software,17359.75,31-03-2023,1672.8,1.41,96.69,2.59,1.08
291,384.0,Panache Digilife Ltd.,PANACHE,IT - Hardware,17359.75,31-03-2023,747.0,1.54,40.38,2.05,0.76
292,385.0,Panama Petrochem Ltd.,PANAMAPET,Petrochemicals,17359.75,31-03-2023,17676.23,29.78,9.81,2.29,1.79
293,386.0,Parag Milk Foods Ltd.,PARAGMILK,FMCG,17359.75,31-03-2023,8539.09,5.84,12.47,1.03,1.3
294,387.0,Paramount Communications Ltd.,PARACABLES,Cables,17359.75,31-03-2023,6039.12,2.46,12.64,2.42,1.17
295,389.0,Patel Engineering Ltd.,PATELENG,Construction,17359.75,31-03-2023,11565.58,0.39,38.26,0.4,1.88
296,390.0,Patel Integrated Logistics Ltd.,PATINTLOG,Logistics,17359.75,31-03-2023,710.44,0.32,34.16,0.61,1.51
297,392.0,Pennar Industries Ltd.,PENIND,Steel,17359.75,31-03-2023,9547.45,3.28,21.6,1.29,1.28
298,393.0,Pennar Industries Ltd.,PENINLAND,Realty,17359.75,31-03-2023,9547.45,3.28,21.6,1.29,1.28
299,394.0,Persistent Systems Ltd.,PERSISTENT,IT - Software,17359.75,31-03-2023,352281.04,103.41,44.58,8.94,0.84
300,395.0,Pfizer Ltd.,PFIZER,Pharmaceuticals,17359.75,31-03-2023,158614.25,127.4,27.22,4.95,0.5
301,396.0,Pidilite Industries Ltd.,PIDILITIND,Chemicals,17359.75,31-03-2023,1196063.41,24.5,96.04,16.83,0.85
302,398.0,Piramal Enterprises Ltd.,PEL,Pharmaceuticals,17359.75,31-03-2023,161897.52,103.24,6.57,0.67,1.77
303,399.0,Plastiblends India Ltd.,PLASTIBLEN,Chemicals,17359.75,31-03-2023,3924.37,9.63,15.67,0.99,1.17
304,400.0,Poly Medicure Ltd.,POLYMED,Healthcare,17359.75,31-03-2023,91426.38,18.67,51.01,7.42,0.68
305,401.0,Polyplex Corporation Ltd.,POLYPLEX,Packaging,17359.75,31-03-2023,35867.46,93.8,12.18,5.17,1.45
306,402.0,Ponni Sugars (Erode) Ltd.,PONNIERODE,Sugar,17359.75,31-03-2023,3403.25,43.53,9.09,0.75,1.05
307,403.0,Power Mech Projects Ltd.,POWERMECH,Capital Goods-Non Electrical Equipment,17359.75,31-03-2023,36817.21,140.41,17.59,3.0,1.31
308,405.0,Prakash Industries Ltd.,PRAKASH,Steel,17359.75,31-03-2023,9115.27,10.64,4.79,0.31,1.91
309,407.0,Precision Camshafts Ltd.,PRECAM,Auto Ancillaries,17359.75,31-03-2023,9042.65,6.56,14.51,1.1,1.41
310,408.0,Precision Wires India Ltd.,PRECWIRE,Non Ferrous Metals,17359.75,31-03-2023,11443.04,3.26,19.64,2.54,1.39
311,409.0,Premier Explosives Ltd.,PREMEXPLN,Chemicals,17359.75,31-03-2023,4347.67,6.21,65.08,2.23,1.02
312,411.0,Prestige Estates Projects Ltd.,PRESTIGE,Realty,17359.75,31-03-2023,161627.42,8.0,50.43,2.43,1.24
313,412.0,Pricol Ltd.,PRICOLLTD,Auto Ancillaries,17359.75,31-03-2023,25259.94,8.4,24.68,3.73,1.47
314,414.0,Prime Securities Ltd.,PRIMESECU,Finance,17359.75,31-03-2023,3585.18,1.94,57.09,3.1,1.11
315,415.0,Procter & Gamble Health Ltd.,PGEL,Consumer Durables,17359.75,31-03-2023,77785.53,144.75,32.37,10.77,0.63
316,416.0,Pudumjee Paper Products Ltd.,PDMJEPAPER,Paper,17359.75,31-03-2023,3508.4,6.2,5.96,0.88,1.24
317,418.0,Punjab & Sind Bank,PSB,Banks,17359.75,31-03-2023,173850.22,1.14,22.55,1.22,1.44
318,419.0,Punjab Chemicals & Crop Protection Ltd.,PUNJABCHEM,Chemicals,17359.75,31-03-2023,10150.64,50.81,16.29,3.41,0.88
319,420.0,Punjab National Bank,PNB,Banks,17359.75,31-03-2023,513113.33,1.84,25.28,0.56,1.46
320,421.0,Puravankara Ltd.,PURVA,Realty,17359.75,31-03-2023,15497.73,4.82,13.57,0.86,1.51
321,422.0,Quess Corp Ltd.,QUESS,Diversified,17359.75,31-03-2023,54793.03,8.97,41.21,2.53,1.32
322,423.0,Quick Heal Technologies Ltd.,QUICKHEAL,IT - Software,17359.75,31-03-2023,7056.17,0.68,195.46,1.68,1.39
323,425.0,R Systems International Ltd.,RSYSTEMS,IT - Software,17359.75,31-03-2023,30120.06,10.4,24.49,7.12,0.64
324,427.0,Radico Khaitan Ltd.,RADICO,Alcoholic Beverages,17359.75,31-03-2023,159686.68,15.29,78.12,7.42,1.09
325,428.0,Rail Vikas Nigam Ltd.,RVNL,Construction,17359.75,31-03-2023,143032.38,6.06,11.32,2.09,1.13
326,429.0,Rain Industries Ltd.,RAIN,Trading,17359.75,31-03-2023,50132.32,0.72,207.42,5.56,1.58
327,430.0,Raj Television Network Ltd.,RAJTV,Entertainment,17359.75,31-03-2023,2037.6,0.22,180.32,2.05,0.92
328,431.0,Rajesh Exports Ltd.,RAJESHEXPO,"Diamond, Gems and Jewellery",17359.75,31-03-2023,180138.1,1.03,592.95,3.6,0.38
329,433.0,Rallis India Ltd.,RALLIS,Agro Chemicals,17359.75,31-03-2023,37513.05,6.17,31.24,2.17,1.07
330,434.0,Rama Steel Tubes Ltd.,RAMASTEEL,Steel,17359.75,31-03-2023,12973.17,0.36,78.15,5.3,1.37
331,436.0,Ramkrishna Forgings Ltd.,RKFORGE,"Castings, Forgings & Fastners",17359.75,31-03-2023,45744.4,14.59,19.61,3.52,1.75
332,437.0,Ramky Infrastructure Ltd.,RAMKY,Construction,17359.75,31-03-2023,20181.54,30.99,9.41,2.24,1.71
333,438.0,Rane Brake Lining Ltd.,RBL,Auto Ancillaries,17359.75,31-03-2023,4874.46,35.33,17.85,1.87,1.22
334,440.0,Rane Holdings Ltd.,RANEHOLDIN,Finance,17359.75,31-03-2023,12363.87,35.83,24.17,2.31,1.28
335,441.0,Ratnamani Metals & Tubes Ltd.,RATNAMANI,Steel,17359.75,31-03-2023,138911.83,73.2,27.07,5.15,0.61
336,442.0,Raymond Ltd.,RAYMOND,Textiles,17359.75,31-03-2023,81356.43,57.8,21.14,3.61,1.49
337,443.0,Refex Industries Ltd.,REFEX,Chemicals,17359.75,31-03-2023,5254.84,52.6,4.52,1.67,1.29
338,445.0,Reliance Industrial Infrastructure Ltd.,RIIL,Infrastructure Developers & Operators,17359.75,31-03-2023,11805.93,11.94,65.48,3.01,1.64
339,446.0,Reliance Industries Ltd.,RELIANCE,Refineries,17359.75,31-03-2023,15772103.45,63.71,36.59,3.29,0.93
340,449.0,Remsons Industries Ltd.,REMSONSIND,Auto Ancillaries,17359.75,31-03-2023,1091.82,13.51,14.14,2.62,1.06
341,450.0,Repro India Ltd.,REPRO,Media - Print/Television/Radio,17359.75,31-03-2023,4537.0,5.0,71.34,1.71,0.99
342,451.0,Responsive Industries Ltd.,RESPONIND,Plastic products,17359.75,31-03-2023,32870.3,0.37,332.7,4.8,0.77
343,452.0,Revathi Equipment Ltd.,REVATHI,Capital Goods-Non Electrical Equipment,17359.75,31-03-2023,3935.19,53.96,23.78,1.87,1.01
344,453.0,Rossell India Ltd.,ROSSELLIND,Plantation & Plantation Products,17359.75,31-03-2023,9131.97,7.25,33.41,3.19,1.36
345,454.0,Royal Orchid Hotels Ltd.,ROHLTD,Hotels & Restaurants,17359.75,31-03-2023,7476.11,10.28,26.53,3.47,1.74
346,455.0,Ruchi Infrastructure Ltd.,RUCHINFRA,Miscellaneous,17359.75,31-03-2023,1724.02,0.04,191.56,1.02,0.95
347,456.0,Ruchira Papers Ltd.,RUCHIRA,Paper,17359.75,31-03-2023,2784.54,22.66,4.12,0.73,1.67
348,457.0,Rushil Decor Ltd.,RUSHIL,Miscellaneous,17359.75,31-03-2023,5211.46,39.02,6.71,1.51,1.25
349,460.0,Sagar Cements Ltd.,SAGCEM,Cement,17359.75,31-03-2023,24801.76,2.81,67.56,1.49,1.14
350,461.0,Sagardeep Alloys Ltd.,SAGARDEEP,Non Ferrous Metals,17359.75,31-03-2023,343.71,0.3,67.39,1.25,0.44
351,462.0,Sakar Healthcare Ltd.,SAKAR,Pharmaceuticals,17359.75,31-03-2023,3819.42,6.71,29.91,2.18,0.66
352,463.0,Saksoft Ltd.,SAKSOFT,IT - Software,17359.75,31-03-2023,15298.63,2.63,54.99,8.77,1.01
353,465.0,Sakuma Exports Ltd.,SAKUMA,Trading,17359.75,31-03-2023,2392.51,1.03,9.95,0.86,1.51
354,466.0,Salona Cotspin Ltd.,SALONA,Textiles,17359.75,31-03-2023,1246.4,33.39,7.09,1.68,0.94
355,468.0,Sandhar Technologies Ltd.,SANDHAR,Auto Ancillaries,17359.75,31-03-2023,12149.49,14.42,13.99,1.31,1.14
356,469.0,Sangam (India) Ltd.,SANGAMIND,Textiles,17359.75,31-03-2023,9687.26,34.11,6.3,1.13,1.36
357,471.0,Sanghvi Movers Ltd.,SANGHVIMOV,Capital Goods-Non Electrical Equipment,17359.75,31-03-2023,15243.87,19.34,18.2,1.81,1.26
358,472.0,Sanginita Chemicals Ltd.,SANGINITA,Chemicals,17359.75,31-03-2023,327.22,0.24,77.91,0.82,0.77
359,473.0,Sanofi India Ltd.,SANOFI,Pharmaceuticals,17359.75,31-03-2023,132089.83,223.53,25.66,9.01,0.47
360,475.0,Sarda Energy & Minerals Ltd.,SARDAEN,Steel,17359.75,31-03-2023,37618.46,181.17,5.89,1.2,1.69
361,476.0,Sastasundar Ventures Ltd.,SASTASUNDR,Finance,17359.75,31-03-2023,7015.81,0.2,1079.35,2.57,1.1
362,477.0,Satia Industries Ltd.,SATIA,Paper,17359.75,31-03-2023,10550.0,19.22,5.49,1.44,0.82
363,478.0,Satin Creditcare Network Ltd.,SATIN,Finance,17359.75,31-03-2023,10853.29,7.57,16.83,0.58,1.69
364,479.0,Savita Oil Technologies Ltd.,SOTL,Petrochemicals,17359.75,31-03-2023,16380.25,32.66,7.26,1.12,0.94
365,480.0,Schaeffler India Ltd.,SCHAEFFLER,Bearings,17359.75,31-03-2023,448208.59,56.02,51.18,9.95,0.73
366,481.0,Schneider Electric Infrastructure Ltd.,SCHNEIDER,Capital Goods - Electrical Equipment,17359.75,31-03-2023,37228.5,4.03,38.59,79.8,1.25
367,482.0,Seamec Ltd.,SEAMECLTD,Shipping,17359.75,31-03-2023,15129.15,15.79,37.68,2.2,1.05
368,483.0,Selan Exploration Technology Ltd.,SELAN,Crude Oil & Natural Gas,17359.75,31-03-2023,3699.68,20.3,11.99,1.03,1.14
369,486.0,Shalby Ltd.,SHALBY,Healthcare,17359.75,31-03-2023,14494.91,7.32,18.34,1.49,1.49
370,488.0,Shankara Building Products Ltd.,SHANKARA,Trading,17359.75,31-03-2023,13997.5,22.47,27.26,3.24,1.35
371,489.0,Shanthi Gears Ltd.,SHANTIGEAR,Auto Ancillaries,17359.75,31-03-2023,28158.55,8.71,42.13,9.31,0.98
372,490.0,Sharda Cropchem Ltd.,SHARDACROP,Agro Chemicals,17359.75,31-03-2023,44180.98,36.03,13.59,2.21,1.26
373,491.0,Shemaroo Entertainment Ltd.,SHEMAROO,Entertainment,17359.75,31-03-2023,2890.83,3.07,34.62,0.49,0.84
374,492.0,Shilpa Medicare Ltd.,SHILPAMED,Pharmaceuticals,17359.75,31-03-2023,19864.61,7.41,30.86,0.94,1.09
375,496.0,Shoppers Stop Ltd.,SHOPERSTOP,Retail,17359.75,31-03-2023,71134.04,8.54,75.93,30.7,1.26
376,497.0,Shree Cement Ltd.,SHREECEM,Cement,17359.75,31-03-2023,944844.74,291.88,89.72,5.17,1.08
377,498.0,Shree Rama Multi-Tech Ltd.,SHREERAMA,Packaging,17359.75,31-03-2023,542.65,1.11,7.71,1.83,1.35
378,500.0,Shreyans Industries Ltd.,SHREYANIND,Paper,17359.75,31-03-2023,1974.15,52.86,2.7,0.65,1.7
379,501.0,Shreyans Industries Ltd.,SSINFRA,Construction,17359.75,31-03-2023,1974.15,52.86,2.7,0.65,1.7
380,502.0,Shreyas Shipping & Logistics Ltd.,SHREYAS,Shipping,17359.75,31-03-2023,5255.54,89.63,2.67,0.64,1.46
381,504.0,Siemens Ltd.,SIEMENS,Capital Goods - Electrical Equipment,17359.75,31-03-2023,1184865.51,45.11,73.76,9.72,0.93
382,509.0,Sirca Paints India Ltd.,SIRCA,Trading,17359.75,31-03-2023,17663.51,16.83,38.29,6.65,1.12
383,511.0,Skipper Ltd.,SKIPPER,Engineering,17359.75,31-03-2023,9876.87,3.19,30.2,1.29,1.64
384,512.0,Snowman Logistics Ltd.,SNOWMAN,Logistics,17359.75,31-03-2023,5346.82,0.5,64.11,1.27,0.95
385,513.0,Sobha Ltd.,SOBHA,Realty,17359.75,31-03-2023,40840.62,6.67,64.56,1.74,1.56
386,514.0,Solar Industries India Ltd.,SOLARINDS,Chemicals,17359.75,31-03-2023,343183.53,48.0,79.01,19.42,0.74
387,516.0,Somany Ceramics Ltd.,SOMANYCERA,Ceramic Products,17359.75,31-03-2023,20763.52,18.83,25.95,2.65,1.3
388,517.0,Somany Ceramics Ltd.,SPLIL,Textiles,17359.75,31-03-2023,20763.52,18.83,25.95,2.65,1.3
389,518.0,Somi Conveyor Beltings Ltd.,SOMICONVEY,Plantation & Plantation Products,17359.75,31-03-2023,424.07,2.95,12.22,0.63,1.47
390,519.0,Sonata Software Ltd.,SONATSOFTW,IT - Software,17359.75,31-03-2023,117259.64,15.34,54.53,21.18,1.06
391,520.0,South West Pinnacle Exploration Ltd.,SOUTHWEST,Mining & Mineral products,17359.75,31-03-2023,3116.7,2.97,37.55,2.68,0.75
392,521.0,Spacenet Enterprises India Ltd.,SPAL,Textiles,17359.75,31-03-2023,8618.78,0.05,319.21,23.03,0.32
393,522.0,Speciality Restaurants Ltd.,SPECIALITY,Hotels & Restaurants,17359.75,31-03-2023,9976.15,17.33,12.26,4.03,1.53
394,523.0,Sree Rayalaseema Hi-Strength Hypo Ltd.,SRHHYPOLTD,Chemicals,17359.75,31-03-2023,7037.58,89.9,4.56,0.98,1.54
395,525.0,Star Cement Ltd.,STARCEMENT,Cement,17359.75,31-03-2023,45207.58,3.87,28.93,3.09,0.73
396,526.0,Star Paper Mills Ltd.,STARPAPER,Paper,17359.75,31-03-2023,1425.63,80.0,1.83,0.24,1.86
397,527.0,Steel City Securities Ltd.,STEELCITY,Stock/ Commodity Brokers,17359.75,31-03-2023,954.01,6.62,9.54,1.0,1.13
398,529.0,Steel Strips Wheels Ltd.,SSWL,Auto Ancillaries,17359.75,31-03-2023,23156.13,12.39,11.94,2.04,1.22
399,530.0,Sterling Tools Ltd.,STERTOOLS,"Castings, Forgings & Fastners",17359.75,31-03-2023,14501.55,10.4,38.71,3.61,1.37
400,532.0,Subros Ltd.,SUBROS,Auto Ancillaries,17359.75,31-03-2023,19573.99,6.13,48.97,2.26,1.28
401,534.0,Sumit Woods Ltd.,SUMIT,Realty,17359.75,31-03-2023,932.9,0.81,37.62,1.69,0.67
402,535.0,Summit Securities Ltd.,SUMMITSEC,Finance,17359.75,31-03-2023,5903.86,17.82,30.39,0.25,0.95
403,537.0,Sundaram Finance Holdings Ltd.,SUNDARMFIN,Finance,17359.75,31-03-2023,17512.89,4.27,18.48,0.82,0.96
404,538.0,Sundaram Finance Holdings Ltd.,SUNDARMHLD,Finance,17359.75,31-03-2023,17512.89,4.27,18.48,0.82,0.96
405,539.0,Sundaram Finance Ltd.,SUNDARAM,Media - Print/Television/Radio,17359.75,31-03-2023,255483.33,94.74,24.27,3.3,0.85
406,540.0,Sundram Fasteners Ltd.,SUNDRMFAST,"Castings, Forgings & Fastners",17359.75,31-03-2023,205505.55,21.87,44.72,7.06,1.04
407,543.0,Superhouse Ltd.,SUPERHOUSE,Leather,17359.75,31-03-2023,2594.73,18.32,12.85,0.69,1.45
408,544.0,Suprajit Engineering Ltd.,SUPRAJIT,Auto Ancillaries,17359.75,31-03-2023,47717.77,13.5,25.55,4.35,1.05
409,546.0,Supreme Industries Ltd.,SUPREMEIND,Plastic products,17359.75,31-03-2023,319288.39,58.78,42.77,8.3,0.9
410,547.0,Supreme Petrochem Ltd.,SUPPETRO,Petrochemicals,17359.75,31-03-2023,69631.71,26.4,14.03,3.78,0.74
411,548.0,Surana Solar Ltd.,SURANASOL,Capital Goods - Electrical Equipment,17359.75,31-03-2023,838.97,0.46,36.8,1.46,1.16
412,550.0,Surya Roshni Ltd.,SURYAROSNI,Steel,17359.75,31-03-2023,35795.66,61.74,10.66,1.92,1.59
413,551.0,Suryalakshmi Cotton Mills Ltd.,SURYALAXMI,Textiles,17359.75,31-03-2023,881.03,6.62,7.08,0.34,1.52
414,554.0,Swan Energy Ltd.,SWANENERGY,Textiles,17359.75,31-03-2023,56425.45,0.14,1550.15,4.4,0.73
415,555.0,Swaraj Engines Ltd.,SWARAJENG,Capital Goods-Non Electrical Equipment,17359.75,31-03-2023,18698.03,110.7,13.91,5.46,0.82
416,556.0,Swelect Energy Systems Ltd.,SWELECTES,Capital Goods - Electrical Equipment,17359.75,31-03-2023,4324.04,5.2,54.8,0.59,1.3
417,557.0,Symphony Ltd.,SYMPHONY,Consumer Durables,17359.75,31-03-2023,70946.89,23.49,43.18,7.78,0.97
418,558.0,Syngene International Ltd.,SYNGENE,Pharmaceuticals,17359.75,31-03-2023,238652.81,11.97,49.67,6.59,0.6
419,560.0,Talbros Automotive Components Ltd.,TALBROAUTO,Auto Ancillaries,17359.75,31-03-2023,5051.21,35.45,11.54,1.63,1.63
420,561.0,Tamil Nadu Newsprint & Papers Ltd.,TNPL,Paper,17359.75,31-03-2023,15108.67,56.04,3.9,0.78,1.22
421,562.0,Tamilnadu Petroproducts Ltd.,TNPETRO,Chemicals,17359.75,31-03-2023,6432.96,9.93,7.2,0.84,1.12
422,564.0,Tanla Platforms Ltd.,TANLA,IT - Software,17359.75,31-03-2023,70324.99,12.95,40.39,12.4,1.13
423,565.0,Tantia Constructions Ltd.,TANTIACONS,Infrastructure Developers & Operators,17359.75,31-03-2023,248.62,12.21,0.71,0.08,0.14
424,566.0,Tarmat Ltd.,TARMAT,Realty,17359.75,31-03-2023,1608.16,2.3,32.82,1.23,1.32
425,567.0,Tasty Bite Eatables Ltd.,TASTYBITE,FMCG,17359.75,31-03-2023,20585.35,120.65,66.49,8.45,0.94
426,568.0,Tata Chemicals Ltd.,TATACHEM,Chemicals,17359.75,31-03-2023,247737.74,5.89,165.16,1.55,1.15
427,569.0,Tata Coffee Ltd.,TATACOFFEE,Plantation & Plantation Products,17359.75,31-03-2023,38446.68,3.76,54.69,2.83,1.23
428,570.0,Tata Communications Ltd.,TATACOMM,Telecomm-Service,17359.75,31-03-2023,354967.5,25.43,48.98,3.6,1.19
429,571.0,Tata Consultancy Services Ltd.,TCS,IT - Software,17359.75,31-03-2023,11730552.8,104.94,30.55,15.74,0.64
430,572.0,Tata Elxsi Ltd.,TATAELXSI,IT - Software,17359.75,31-03-2023,371111.53,121.1,49.21,17.79,1.12
431,573.0,Tata Metaliks Ltd.,TATAMETALI,Steel,17359.75,31-03-2023,23679.97,25.15,29.82,1.5,1.29
432,574.0,Tata Motors Ltd.,TATAMOTORS,Automobile,17359.75,31-03-2023,1397621.69,8.74,48.16,6.25,1.75
433,576.0,Tata Steel Ltd.,TATASTEEL,Steel,17359.75,31-03-2023,1277150.62,12.61,8.29,0.95,1.35
434,579.0,Tech Mahindra Ltd.,TECHM,IT - Software,17359.75,31-03-2023,1073364.4,44.41,24.81,4.26,0.77
435,581.0,Technocraft Industries (India) Ltd.,TIIL,Steel,17359.75,31-03-2023,27895.01,82.82,14.67,2.3,1.27
436,584.0,Thangamayil Jewellery Ltd.,THANGAMAYL,"Diamond, Gems and Jewellery",17359.75,31-03-2023,13789.55,59.74,16.82,3.55,0.96
437,585.0,Thejo Engineering Ltd.,THEJO,Engineering,17359.75,31-03-2023,14189.59,25.78,51.45,7.89,0.78
438,586.0,Themis Medicare Ltd.,THEMISMED,Pharmaceuticals,17359.75,31-03-2023,10857.89,46.54,25.35,4.38,1.42
439,587.0,Thermax Ltd.,THERMAX,Capital Goods-Non Electrical Equipment,17359.75,31-03-2023,273189.65,26.49,86.53,8.49,0.79
440,588.0,Thirumalai Chemicals Ltd.,TIRUMALCHM,Chemicals,17359.75,31-03-2023,17590.28,10.94,15.7,1.83,1.68
441,590.0,Thomas Scott (India) Ltd.,THOMASCOTT,Textiles,17359.75,31-03-2023,234.56,4.55,8.12,1.78,0.43
442,591.0,Thyrocare Technologies Ltd.,THYROCARE,Healthcare,17359.75,31-03-2023,22751.98,10.77,39.92,4.53,0.48
443,592.0,Tide Water Oil Co. (India) Ltd.,TIDEWATER,Chemicals,17359.75,31-03-2023,14460.18,48.61,17.07,2.11,1.01
444,594.0,Tilaknagar Industries Ltd.,TI,Alcoholic Beverages,17359.75,31-03-2023,20887.82,3.72,30.27,4.42,0.56
445,595.0,Tilaknagar Industries Ltd.,TIINDIA,Miscellaneous,17359.75,31-03-2023,20887.82,3.72,30.27,4.42,0.56
446,596.0,Time Technoplast Ltd.,TIMETECHNO,Plastic products,17359.75,31-03-2023,17413.3,4.92,15.66,1.06,1.6
447,597.0,Times Guaranty Ltd.,TIMESGTY,Finance,17359.75,31-03-2023,441.11,1.0,49.01,1.01,1.07
448,598.0,Timken India Ltd.,TIMKEN,Auto Ancillaries,17359.75,31-03-2023,207261.46,51.24,53.78,10.17,0.89
449,599.0,Titan Company Ltd.,TITAN,"Diamond, Gems and Jewellery",17359.75,31-03-2023,2232693.41,37.58,66.93,18.62,1.19
450,600.0,Torrent Pharmaceuticals Ltd.,TORNTPHARM,Pharmaceuticals,17359.75,31-03-2023,520241.41,30.4,50.56,8.06,0.5
451,601.0,Torrent Power Ltd.,TORNTPOWER,Power Generation & Distribution,17359.75,31-03-2023,245306.81,42.85,11.91,2.23,0.85
452,602.0,Touchwood Entertainment Ltd.,TOUCHWOOD,Entertainment,17359.75,31-03-2023,1615.25,2.44,65.13,8.7,0.64
453,605.0,Trent Ltd.,TRENT,Retail,17359.75,31-03-2023,488777.48,8.89,154.71,15.87,1.18
454,606.0,Tribhovandas Bhimji Zaveri Ltd.,TBZ,"Diamond, Gems and Jewellery",17359.75,31-03-2023,4077.24,5.54,11.02,0.72,1.74
455,607.0,Trident Ltd.,TRIDENT,Textiles,17359.75,31-03-2023,142431.96,0.82,34.2,4.09,1.48
456,608.0,Trigyn Technologies Ltd.,TRIGYN,IT - Software,17359.75,31-03-2023,2829.21,1.12,82.01,1.49,1.72
457,609.0,Triveni Turbine Ltd.,TRITURBINE,Capital Goods - Electrical Equipment,17359.75,31-03-2023,105900.69,4.55,73.29,16.95,1.22
458,611.0,Ujjivan Financial Services Ltd.,UJJIVAN,Finance,17359.75,31-03-2023,31180.01,8.89,28.83,1.68,1.59
459,614.0,Uniphos Enterprises Ltd.,UNIENTER,Trading,17359.75,31-03-2023,10619.65,5.57,27.43,0.37,1.14
460,615.0,United Breweries Ltd.,UBL,Alcoholic Beverages,17359.75,31-03-2023,376631.91,12.57,113.36,9.51,0.93
461,616.0,United Polyfab Gujarat Ltd.,UNITEDPOLY,Textiles,17359.75,31-03-2023,1570.32,2.62,28.66,2.59,0.39
462,617.0,United Spirits Ltd.,MCDOWELL-N,Alcoholic Beverages,17359.75,31-03-2023,550048.26,9.63,78.51,9.25,0.96
463,618.0,Universal Cables Ltd.,UNIVCABLES,Cables,17359.75,31-03-2023,12441.76,18.09,19.83,1.76,1.64
464,619.0,Urja Global Ltd.,URJA,Trading,17359.75,31-03-2023,3816.86,0.02,284.84,2.62,1.35
465,621.0,Usha Martin Ltd.,USHAMART,Steel,17359.75,31-03-2023,65367.11,6.54,32.82,6.05,1.45
466,622.0,Uttam Sugar Mills Ltd.,UTTAMSUGAR,Sugar,17359.75,31-03-2023,8821.35,32.36,7.15,1.55,1.7
467,623.0,V-Guard Industries Ltd.,VGUARD,Capital Goods - Electrical Equipment,17359.75,31-03-2023,108065.22,3.91,64.03,6.92,0.81
468,625.0,Vadilal Industries Ltd.,VADILALIND,FMCG,17359.75,31-03-2023,15785.55,99.75,22.02,7.38,0.97
469,626.0,Vaibhav Global Ltd.,VAIBHAVGBL,"Diamond, Gems and Jewellery",17359.75,31-03-2023,45024.5,6.05,45.07,7.36,0.87
470,627.0,Vaishali Pharma Ltd.,VAISHALI,Trading,17359.75,31-03-2023,1538.69,6.33,23.03,4.67,0.33
471,629.0,Vardhman Acrylics Ltd.,VARDHACRLC,Textiles,17359.75,31-03-2023,3495.82,4.09,10.64,1.43,0.81
472,630.0,Vardhman Holdings Ltd.,VHL,Finance,17359.75,31-03-2023,8171.93,21.62,118.43,1.02,1.32
473,632.0,Vardhman Special Steels Ltd.,VSSL,Steel,17359.75,31-03-2023,16137.21,24.72,16.06,2.52,1.09
474,633.0,Vardhman Textiles Ltd.,VTL,Textiles,17359.75,31-03-2023,84916.61,25.91,11.34,1.02,1.0
475,635.0,Varun Beverages Ltd.,VBL,FMCG,17359.75,31-03-2023,900936.99,23.7,58.53,15.29,0.77
476,636.0,Vascon Engineers Ltd.,VASCONEQ,Construction,17359.75,31-03-2023,5400.33,3.83,6.49,0.6,1.62
477,637.0,Vaswani Industries Ltd.,VASWANI,Steel,17359.75,31-03-2023,600.0,2.0,9.98,0.57,1.33
478,638.0,Vedanta Ltd.,VEDL,Mining & Mineral products,17359.75,31-03-2023,1020185.28,61.55,4.46,1.5,1.51
479,639.0,Venus Remedies Ltd.,VENUSREM,Pharmaceuticals,17359.75,31-03-2023,2171.47,21.67,7.5,0.45,0.96
480,640.0,Vertoz Advertising Ltd.,VERTOZ,Miscellaneous,17359.75,31-03-2023,3706.36,1.96,102.1,3.14,0.83
481,641.0,Vesuvius India Ltd.,VESUVIUS,Refractories,17359.75,31-03-2023,33234.83,66.08,24.78,3.19,0.73
482,643.0,Vidhi Specialty Food Ingredients Ltd.,VIDHIING,Chemicals,17359.75,31-03-2023,16282.07,7.58,43.01,6.48,1.07
483,644.0,Viji Finance Ltd.,VIJIFIN,Finance,17359.75,31-03-2023,173.25,0.06,35.36,1.43,0.97
484,645.0,Vikas Ecotech Ltd.,VIKASECO,Plastic products,17359.75,31-03-2023,2371.45,0.1,23.95,1.0,1.07
485,647.0,Vimta Labs Ltd.,VIMTALABS,Miscellaneous,17359.75,31-03-2023,6945.18,21.59,14.54,2.48,1.29
486,648.0,Vinati Organics Ltd.,VINATIORGA,Chemicals,17359.75,31-03-2023,185871.06,44.53,40.61,8.38,0.95
487,649.0,Vindhya Telelinks Ltd.,VINDHYATEL,Cables,17359.75,31-03-2023,20695.75,119.07,14.67,1.82,1.35
488,652.0,Visaka Industries Ltd.,VISAKAIND,Cement - Products,17359.75,31-03-2023,5908.36,32.52,10.51,0.76,1.49
489,653.0,Vishal Fabrics Ltd.,VISHAL,Textiles,17359.75,31-03-2023,3250.68,2.65,6.21,0.84,0.77
490,654.0,Vishnu Chemicals Ltd.,VISHNU,Chemicals,17359.75,31-03-2023,16133.1,20.97,12.88,4.66,1.33
491,657.0,Voltamp Transformers Ltd.,VOLTAMP,Capital Goods - Electrical Equipment,17359.75,31-03-2023,27239.84,195.79,13.75,2.46,0.93
492,658.0,Voltas Ltd.,VOLTAS,Consumer Durables,17359.75,31-03-2023,270746.44,10.47,78.12,4.0,1.1
493,659.0,W S Industries (India) Ltd.,WSI,Infrastructure Developers & Operators,17359.75,31-03-2023,1360.66,3.66,8.9,5.25,0.24
494,663.0,Wealth First Portfolio Managers Ltd.,WEALTH,Finance,17359.75,31-03-2023,3033.48,12.68,22.45,3.95,0.16
495,665.0,Weizmann Ltd.,WEIZMANIND,Textiles,17359.75,31-03-2023,1295.68,3.82,21.38,2.3,0.69
496,666.0,Welspun Corp Ltd.,WELCORP,Steel,17359.75,31-03-2023,52436.64,14.4,13.93,1.51,1.9
497,667.0,Welspun Enterprises Ltd.,WELENT,Construction,17359.75,31-03-2023,18830.37,12.28,10.22,0.76,1.52
498,668.0,Welspun India Ltd.,WELSPUNIND,Textiles,17359.75,31-03-2023,62889.92,1.54,41.46,1.74,1.4
499,669.0,Wendt (India) Ltd.,WENDT,Capital Goods-Non Electrical Equipment,17359.75,31-03-2023,17017.4,197.2,43.15,10.05,1.16
500,670.0,West Coast Paper Mills Ltd.,WSTCSTPAPR,Paper,17359.75,31-03-2023,35045.55,88.11,6.02,1.71,1.49
501,671.0,Wheels India Ltd.,WHEELS,Auto Ancillaries,17359.75,31-03-2023,10796.56,27.08,16.57,1.51,1.12
502,672.0,Wheels India Ltd.,WIPL,Miscellaneous,17359.75,31-03-2023,10796.56,27.08,16.57,1.51,1.12
503,673.0,Wipro Ltd.,WIPRO,IT - Software,17359.75,31-03-2023,2004461.95,17.55,20.81,3.19,0.78
504,675.0,Wonderla Holidays Ltd.,WONDERLA,Entertainment,17359.75,31-03-2023,24221.46,25.43,16.84,2.55,1.07
505,676.0,Worth Peripherals Ltd.,WORTH,Paper,17359.75,31-03-2023,1449.09,11.45,8.03,1.02,0.62
506,677.0,Xchanging Solutions Ltd.,XCHANGING,IT - Software,17359.75,31-03-2023,5926.68,1.02,52.4,2.1,1.27
507,678.0,Xpro India Ltd.,XPROINDIA,Plastic products,17359.75,31-03-2023,12602.87,24.24,28.55,6.23,1.43
508,679.0,Yes Bank Ltd.,YESBANK,Banks,17359.75,31-03-2023,432759.37,0.18,82.98,1.09,0.37
509,680.0,Zee Entertainment Enterprises Ltd.,ZEEL,Entertainment,17359.75,31-03-2023,203870.25,4.57,46.42,2.1,1.33
510,681.0,Zee Learn Ltd.,ZEELEARN,Computer Education,17359.75,31-03-2023,1059.8,0.9,3.6,1.85,1.06
511,682.0,Zen Technologies Ltd.,ZENTEC,IT - Software,17359.75,31-03-2023,26091.21,4.47,73.45,10.79,1.64
512,683.0,Zenith Exports Ltd.,ZENITHEXPO,Textiles,17359.75,31-03-2023,426.3,2.93,26.98,0.53,0.49
513,684.0,Zensar Technologies Ltd.,ZENSARTECH,IT - Software,17359.75,31-03-2023,62130.77,13.51,20.31,2.7,0.95
514,685.0,Zota Health Care Ltd.,ZOTA,Pharmaceuticals,17359.75,31-03-2023,7088.92,2.36,119.14,7.53,0.66
515,686.0,Zydus Wellness Ltd.,ZYDUSWELL,FMCG,17359.75,31-03-2023,98648.91,10.44,148.46,2.45,0.63
